region,Resource,zone,Cluster,R_ID,Inv_cost_MW,Inv_cost_MWh,Inv_cost_Charge_MW,Fixed_OM_cost_MW,Fixed_OM_cost_MWh,Fixed_OM_cost_Charge_MW,Var_OM_cost_out,Fuel_cost,Var_OM_cost_in,StartCost,Charge_cost,EnergyRevenue,SubsidyRevenue,ReserveMarginRevenue,ESRRevenue,EmissionsCost,RegSubsidyRevenue,Revenue,Cost,Profit
None,nuclear_SE1,1,1,1,0,0,0,0.0,0.0,0.0,0.0,0.0,0.0,0.0,0.0,0.0,0.0,0.0,0.0,0.0,0.0,0.0,0.0,0.0
None,nuclear_SE2,2,1,2,0,0,0,0.0,0.0,0.0,0.0,0.0,0.0,0.0,0.0,0.0,0.0,0.0,0.0,0.0,0.0,0.0,0.0,0.0
None,nuclear_SE3,3,1,3,0,0,0,0.0,0.0,0.0,0.0,0.0,0.0,0.0,0.0,0.0,0.0,0.0,0.0,0.0,0.0,0.0,0.0,0.0
None,nuclear_SE4,4,1,4,0,0,0,0.0,0.0,0.0,0.0,0.0,0.0,0.0,0.0,0.0,0.0,0.0,0.0,0.0,0.0,0.0,0.0,0.0
None,nuclear_existing_SE3,3,1,5,0,0,0,9.5928e8,0.0,0.0,3.3074498595683986e8,2.2918577424236295e8,0.0,0.0,0.0,3.6097752082919083e9,0.0,0.0,0.0,0.0,0.0,3.6097752082919083e9,1.5192107601992028e9,2.0905644480927055e9
None,thermal_SE1,1,1,6,0,0,0,0.0,0.0,0.0,0.0,0.0,0.0,0.0,0.0,2.2060386568018768e7,0.0,0.0,0.0,0.0,0.0,2.2060386568018768e7,0.0,2.2060386568018768e7
None,thermal_SE2,2,1,7,0,0,0,0.0,0.0,0.0,0.0,0.0,0.0,0.0,0.0,1.0184452940847012e8,0.0,0.0,0.0,0.0,0.0,1.0184452940847012e8,0.0,1.0184452940847012e8
None,thermal_SE3,3,1,8,0,0,0,0.0,0.0,0.0,0.0,0.0,0.0,0.0,0.0,5.835722204139692e8,0.0,0.0,0.0,0.0,0.0,5.835722204139692e8,0.0,5.835722204139692e8
None,thermal_SE4,4,1,9,0,0,0,0.0,0.0,0.0,0.0,0.0,0.0,0.0,0.0,1.502837940801111e8,0.0,0.0,0.0,0.0,0.0,1.502837940801111e8,0.0,1.502837940801111e8
None,hydro_SE1,1,1,10,0,0,0,0.0,0.0,0.0,0.0,0.0,0.0,0.0,0.0,1.6880481974022064e9,0.0,0.0,0.0,0.0,0.0,1.6880481974022064e9,0.0,1.6880481974022064e9
None,hydro_SE2,2,1,11,0,0,0,0.0,0.0,0.0,0.0,0.0,0.0,0.0,0.0,2.9156117507220244e9,0.0,0.0,0.0,0.0,0.0,2.9156117507220244e9,0.0,2.9156117507220244e9
None,hydro_flex_SE1,1,1,12,0,0,0,0.0,0.0,0.0,0.0,0.0,0.0,0.0,0.0,3.204307909946541e8,0.0,0.0,0.0,0.0,0.0,3.204307909946541e8,0.0,3.204307909946541e8
None,hydro_flex_SE2,2,1,13,0,0,0,0.0,0.0,0.0,0.0,0.0,0.0,0.0,0.0,3.145360781836422e8,0.0,0.0,0.0,0.0,0.0,3.145360781836422e8,0.0,3.145360781836422e8
None,hydro_SE3,3,1,14,0,0,0,0.0,0.0,0.0,0.0,0.0,0.0,0.0,0.0,7.533078330169425e8,0.0,0.0,0.0,0.0,0.0,7.533078330169425e8,0.0,7.533078330169425e8
None,hydro_SE4,4,1,15,0,0,0,0.0,0.0,0.0,0.0,0.0,0.0,0.0,0.0,1.0306509394002561e8,0.0,0.0,0.0,0.0,0.0,1.0306509394002561e8,0.0,1.0306509394002561e8
None,gas_OC_SE1,1,1,16,0,0,0,0.0,0.0,0.0,0.0,0.0,0.0,0.0,0.0,0.0,0.0,0.0,0.0,0.0,0.0,0.0,0.0,0.0
None,gas_OC_SE2,2,1,17,0,0,0,0.0,0.0,0.0,0.0,0.0,0.0,0.0,0.0,0.0,0.0,0.0,0.0,0.0,0.0,0.0,0.0,0.0
None,gas_OC_SE3,3,1,18,0,0,0,0.0,0.0,0.0,0.0,0.0,0.0,0.0,0.0,0.0,0.0,0.0,0.0,0.0,0.0,0.0,0.0,0.0
None,gas_OC_SE4,4,1,19,0,0,0,0.0,0.0,0.0,0.0,0.0,0.0,0.0,0.0,0.0,0.0,0.0,0.0,0.0,0.0,0.0,0.0,0.0
None,biogas_OC_SE1,1,1,20,0,0,0,0.0,0.0,0.0,0.0,0.0,0.0,0.0,0.0,0.0,0.0,0.0,0.0,0.0,0.0,0.0,0.0,0.0
None,biogas_OC_SE2,2,1,21,0,0,0,0.0,0.0,0.0,0.0,0.0,0.0,0.0,0.0,0.0,0.0,0.0,0.0,0.0,0.0,0.0,0.0,0.0
None,biogas_OC_SE3,3,1,22,0,0,0,0.0,0.0,0.0,0.0,0.0,0.0,0.0,0.0,0.0,0.0,0.0,0.0,0.0,0.0,0.0,0.0,0.0
None,biogas_OC_SE4,4,1,23,0,0,0,0.0,0.0,0.0,0.0,0.0,0.0,0.0,0.0,0.0,0.0,0.0,0.0,0.0,0.0,0.0,0.0,0.0
None,biomass_SE1,1,1,24,0,0,0,0.0,0.0,0.0,0.0,0.0,0.0,0.0,0.0,0.0,0.0,0.0,0.0,0.0,0.0,0.0,0.0,0.0
None,biomass_SE2,2,1,25,0,0,0,0.0,0.0,0.0,0.0,0.0,0.0,0.0,0.0,0.0,0.0,0.0,0.0,0.0,0.0,0.0,0.0,0.0
None,biomass_SE3,3,1,26,0,0,0,0.0,0.0,0.0,0.0,0.0,0.0,0.0,0.0,0.0,0.0,0.0,0.0,0.0,0.0,0.0,0.0,0.0
None,biomass_SE4,4,1,27,0,0,0,0.0,0.0,0.0,0.0,0.0,0.0,0.0,0.0,0.0,0.0,0.0,0.0,0.0,0.0,0.0,0.0,0.0
None,wind_offshore_existing_SE1,1,1,28,0,0,0,0.0,0.0,0.0,0.0,0.0,0.0,0.0,0.0,0.0,0.0,0.0,0.0,0.0,0.0,0.0,0.0,0.0
None,wind_offshore_existing_SE2,2,1,29,0,0,0,0.0,0.0,0.0,0.0,0.0,0.0,0.0,0.0,0.0,0.0,0.0,0.0,0.0,0.0,0.0,0.0,0.0
None,wind_offshore_existing_SE3,3,1,30,0,0,0,0.0,0.0,0.0,0.0,0.0,0.0,0.0,0.0,0.0,0.0,0.0,0.0,0.0,0.0,0.0,0.0,0.0
None,wind_offshore_existing_SE4,4,1,31,0,0,0,0.0,0.0,0.0,0.0,0.0,0.0,0.0,0.0,0.0,0.0,0.0,0.0,0.0,0.0,0.0,0.0,0.0
None,wind_offshore_SE1,1,1,32,0,0,0,0.0,0.0,0.0,0.0,0.0,0.0,0.0,0.0,0.0,0.0,0.0,0.0,0.0,0.0,0.0,0.0,0.0
None,wind_offshore_SE2,2,1,33,0,0,0,0.0,0.0,0.0,0.0,0.0,0.0,0.0,0.0,0.0,0.0,0.0,0.0,0.0,0.0,0.0,0.0,0.0
None,wind_offshore_SE3,3,1,34,0,0,0,0.0,0.0,0.0,0.0,0.0,0.0,0.0,0.0,0.0,0.0,0.0,0.0,0.0,0.0,0.0,0.0,0.0
None,wind_offshore_SE4,4,1,35,0,0,0,0.0,0.0,0.0,0.0,0.0,0.0,0.0,0.0,0.0,0.0,0.0,0.0,0.0,0.0,0.0,0.0,0.0
None,wind_onshore_existing_SE1,1,1,36,0,0,0,0.0,0.0,0.0,0.0,0.0,0.0,0.0,0.0,0.0,0.0,0.0,0.0,0.0,0.0,0.0,0.0,0.0
None,wind_onshore_existing_SE2,2,1,37,0,0,0,0.0,0.0,0.0,0.0,0.0,0.0,0.0,0.0,0.0,0.0,0.0,0.0,0.0,0.0,0.0,0.0,0.0
None,wind_onshore_existing_SE3,3,1,38,0,0,0,0.0,0.0,0.0,0.0,0.0,0.0,0.0,0.0,0.0,0.0,0.0,0.0,0.0,0.0,0.0,0.0,0.0
None,wind_onshore_existing_SE4,4,1,39,0,0,0,0.0,0.0,0.0,0.0,0.0,0.0,0.0,0.0,0.0,0.0,0.0,0.0,0.0,0.0,0.0,0.0,0.0
None,wind_onshore_SE1,1,1,40,0,0,0,0.0,0.0,0.0,0.0,0.0,0.0,0.0,0.0,0.0,0.0,0.0,0.0,0.0,0.0,0.0,0.0,0.0
None,wind_onshore_SE2,2,1,41,0,0,0,0.0,0.0,0.0,0.0,0.0,0.0,0.0,0.0,0.0,0.0,0.0,0.0,0.0,0.0,0.0,0.0,0.0
None,wind_onshore_SE3,3,1,42,0,0,0,0.0,0.0,0.0,0.0,0.0,0.0,0.0,0.0,0.0,0.0,0.0,0.0,0.0,0.0,0.0,0.0,0.0
None,wind_onshore_SE4,4,1,43,0,0,0,0.0,0.0,0.0,0.0,0.0,0.0,0.0,0.0,0.0,0.0,0.0,0.0,0.0,0.0,0.0,0.0,0.0
None,solar_existing_SE1,1,1,44,0,0,0,0.0,0.0,0.0,0.0,0.0,0.0,0.0,0.0,0.0,0.0,0.0,0.0,0.0,0.0,0.0,0.0,0.0
None,solar_existing_SE2,2,1,45,0,0,0,0.0,0.0,0.0,0.0,0.0,0.0,0.0,0.0,0.0,0.0,0.0,0.0,0.0,0.0,0.0,0.0,0.0
None,solar_existing_SE3,3,1,46,0,0,0,0.0,0.0,0.0,0.0,0.0,0.0,0.0,0.0,0.0,0.0,0.0,0.0,0.0,0.0,0.0,0.0,0.0
None,solar_existing_SE4,4,1,47,0,0,0,0.0,0.0,0.0,0.0,0.0,0.0,0.0,0.0,0.0,0.0,0.0,0.0,0.0,0.0,0.0,0.0,0.0
None,solar_SE1,1,1,48,0,0,0,0.0,0.0,0.0,0.0,0.0,0.0,0.0,0.0,0.0,0.0,0.0,0.0,0.0,0.0,0.0,0.0,0.0
None,solar_SE2,2,1,49,0,0,0,0.0,0.0,0.0,0.0,0.0,0.0,0.0,0.0,0.0,0.0,0.0,0.0,0.0,0.0,0.0,0.0,0.0
None,solar_SE3,3,1,50,0,0,0,0.0,0.0,0.0,0.0,0.0,0.0,0.0,0.0,0.0,0.0,0.0,0.0,0.0,0.0,0.0,0.0,0.0
None,solar_SE4,4,1,51,0,0,0,0.0,0.0,0.0,0.0,0.0,0.0,0.0,0.0,0.0,0.0,0.0,0.0,0.0,0.0,0.0,0.0,0.0
None,battery_storage_SE1,1,1,52,0,0,0,0.0,0.0,0.0,0.0,0.0,0.0,0.0,0.0,0.0,0.0,0.0,0.0,0.0,0.0,0.0,0.0,0.0
None,battery_storage_SE2,2,1,53,0,0,0,0.0,0.0,0.0,0.0,0.0,0.0,0.0,-0.0,-0.0,0.0,0.0,0.0,0.0,0.0,0.0,0.0,0.0
None,battery_storage_SE3,3,1,54,0,0,0,0.0,0.0,0.0,0.0,0.0,0.0,0.0,-0.0,0.0,0.0,0.0,0.0,0.0,0.0,0.0,0.0,0.0
None,battery_storage_SE4,4,1,55,0,0,0,0.0,0.0,0.0,0.0,0.0,-0.0,0.0,-0.0,0.0,0.0,0.0,0.0,0.0,0.0,0.0,0.0,0.0
None,hydrogen_OC_storage_SE1,1,1,56,0,0,0,0.0,0.0,0.0,0.0,0.0,0.0,0.0,0.0,0.0,0.0,0.0,0.0,0.0,0.0,0.0,0.0,0.0
None,hydrogen_OC_storage_SE2,2,1,57,0,0,0,0.0,0.0,0.0,0.0,0.0,0.0,0.0,0.0,0.0,0.0,0.0,0.0,0.0,0.0,0.0,0.0,0.0
None,hydrogen_OC_storage_SE3,3,1,58,0,0,0,0.0,0.0,0.0,0.0,0.0,0.0,0.0,0.0,0.0,0.0,0.0,0.0,0.0,0.0,0.0,0.0,0.0
None,hydrogen_OC_storage_SE4,4,1,59,0,0,0,0.0,0.0,0.0,0.0,0.0,0.0,0.0,0.0,0.0,0.0,0.0,0.0,0.0,0.0,0.0,0.0,0.0
None,hydrogen_CC_storage_SE1,1,1,60,0,0,0,0.0,0.0,0.0,0.0,0.0,0.0,0.0,0.0,0.0,0.0,0.0,0.0,0.0,0.0,0.0,0.0,0.0
None,hydrogen_CC_storage_SE2,2,1,61,0,0,0,0.0,0.0,0.0,0.0,0.0,0.0,0.0,0.0,0.0,0.0,0.0,0.0,0.0,0.0,0.0,0.0,0.0
None,hydrogen_CC_storage_SE3,3,1,62,0,0,0,0.0,0.0,0.0,0.0,0.0,0.0,0.0,0.0,0.0,0.0,0.0,0.0,0.0,0.0,0.0,0.0,0.0
None,hydrogen_CC_storage_SE4,4,1,63,0,0,0,0.0,0.0,0.0,0.0,0.0,0.0,0.0,0.0,0.0,0.0,0.0,0.0,0.0,0.0,0.0,0.0,0.0
None,hydro_pumped_storage_SE1,1,1,64,0,0,0,0.0,0.0,0.0,0.0,0.0,0.0,0.0,0.0,0.0,0.0,0.0,0.0,0.0,0.0,0.0,0.0,0.0
None,hydro_pumped_storage_SE2,2,1,65,0,0,0,0.0,0.0,0.0,0.0,0.0,0.0,0.0,0.0,0.0,0.0,0.0,0.0,0.0,0.0,0.0,0.0,0.0
None,hydro_pumped_storage_SE3,3,1,66,0,0,0,0.0,0.0,0.0,0.0,0.0,0.0,0.0,0.0,0.0,0.0,0.0,0.0,0.0,0.0,0.0,0.0,0.0
None,hydro_pumped_storage_SE4,4,1,67,0,0,0,0.0,0.0,0.0,0.0,0.0,0.0,0.0,0.0,0.0,0.0,0.0,0.0,0.0,0.0,0.0,0.0,0.0
None,burning_NO125,5,1,68,0,0,0,0.0,0.0,0.0,0.0,0.0,0.0,0.0,0.0,9.800843713139683e7,0.0,0.0,0.0,0.0,0.0,9.800843713139683e7,0.0,9.800843713139683e7
None,burning_NO3,6,1,69,0,0,0,0.0,0.0,0.0,0.0,0.0,0.0,0.0,0.0,2.376607520558065e7,0.0,0.0,0.0,0.0,0.0,2.376607520558065e7,0.0,2.376607520558065e7
None,burning_NO4,7,1,70,0,0,0,0.0,0.0,0.0,0.0,0.0,0.0,0.0,0.0,1.3278641599886754e8,0.0,0.0,0.0,0.0,0.0,1.3278641599886754e8,0.0,1.3278641599886754e8
None,must_run_NO125,5,1,71,0,0,0,0.0,0.0,0.0,0.0,0.0,0.0,0.0,0.0,6.967644399104707e8,0.0,0.0,0.0,0.0,0.0,6.967644399104707e8,0.0,6.967644399104707e8
None,must_run_NO3,6,1,72,0,0,0,0.0,0.0,0.0,0.0,0.0,0.0,0.0,0.0,7.715246754539663e7,0.0,0.0,0.0,0.0,0.0,7.715246754539663e7,0.0,7.715246754539663e7
None,must_run_NO4,7,1,73,0,0,0,0.0,0.0,0.0,0.0,0.0,0.0,0.0,0.0,3.287102811297568e7,0.0,0.0,0.0,0.0,0.0,3.287102811297568e7,0.0,3.287102811297568e7
None,hydro_NO125,5,1,74,0,0,0,0.0,0.0,0.0,0.0,0.0,0.0,0.0,0.0,6.323670766238031e9,0.0,0.0,0.0,0.0,0.0,6.323670766238031e9,0.0,6.323670766238031e9
None,hydro_NO3,6,1,75,0,0,0,0.0,0.0,0.0,0.0,0.0,0.0,0.0,0.0,1.2105932926325762e9,0.0,0.0,0.0,0.0,0.0,1.2105932926325762e9,0.0,1.2105932926325762e9
None,hydro_NO4,7,1,76,0,0,0,0.0,0.0,0.0,0.0,0.0,0.0,0.0,0.0,1.7963749725419524e9,0.0,0.0,0.0,0.0,0.0,1.7963749725419524e9,0.0,1.7963749725419524e9
None,hydro_flex_NO125,5,1,77,0,0,0,0.0,0.0,0.0,0.0,0.0,0.0,0.0,0.0,6.533895808760136e8,0.0,0.0,0.0,0.0,0.0,6.533895808760136e8,0.0,6.533895808760136e8
None,hydro_flex_NO3,6,1,78,0,0,0,0.0,0.0,0.0,0.0,0.0,0.0,0.0,0.0,3.2116317845381004e8,0.0,0.0,0.0,0.0,0.0,3.2116317845381004e8,0.0,3.2116317845381004e8
None,hydro_flex_NO4,7,1,79,0,0,0,0.0,0.0,0.0,0.0,0.0,0.0,0.0,0.0,3.146597535518152e8,0.0,0.0,0.0,0.0,0.0,3.146597535518152e8,0.0,3.146597535518152e8
None,wind_offshore_existing_NO125,5,1,80,0,0,0,0.0,0.0,0.0,0.0,0.0,0.0,0.0,0.0,1.1102459329078501e7,0.0,0.0,0.0,0.0,0.0,1.1102459329078501e7,0.0,1.1102459329078501e7
None,wind_offshore_existing_NO3,6,1,81,0,0,0,0.0,0.0,0.0,0.0,0.0,0.0,0.0,0.0,1.0567378566177774e7,0.0,0.0,0.0,0.0,0.0,1.0567378566177774e7,0.0,1.0567378566177774e7
None,wind_offshore_NO125,5,1,82,0,0,0,0.0,0.0,0.0,0.0,0.0,0.0,0.0,0.0,1.1663333392225285e9,0.0,0.0,0.0,0.0,0.0,1.1663333392225285e9,0.0,1.1663333392225285e9
None,wind_offshore_NO3,6,1,83,0,0,0,0.0,0.0,0.0,0.0,0.0,0.0,0.0,0.0,0.0,0.0,0.0,0.0,0.0,0.0,0.0,0.0,0.0
None,wind_onshore_existing_NO125,5,1,84,0,0,0,0.0,0.0,0.0,0.0,0.0,0.0,0.0,0.0,2.373743396570064e7,0.0,0.0,0.0,0.0,0.0,2.373743396570064e7,0.0,2.373743396570064e7
None,wind_onshore_existing_NO3,6,1,85,0,0,0,0.0,0.0,0.0,0.0,0.0,0.0,0.0,0.0,0.0,0.0,0.0,0.0,0.0,0.0,0.0,0.0,0.0
None,wind_onshore_existing_NO4,7,1,86,0,0,0,0.0,0.0,0.0,0.0,0.0,0.0,0.0,0.0,3.7427107753205663e6,0.0,0.0,0.0,0.0,0.0,3.7427107753205663e6,0.0,3.7427107753205663e6
None,wind_onshore_NO125,5,1,87,0,0,0,0.0,0.0,0.0,0.0,0.0,0.0,0.0,0.0,3.80353621913748e8,0.0,0.0,0.0,0.0,0.0,3.80353621913748e8,0.0,3.80353621913748e8
None,wind_onshore_NO3,6,1,88,0,0,0,0.0,0.0,0.0,0.0,0.0,0.0,0.0,0.0,3.334156603335465e8,0.0,0.0,0.0,0.0,0.0,3.334156603335465e8,0.0,3.334156603335465e8
None,wind_onshore_NO4,7,1,89,0,0,0,0.0,0.0,0.0,0.0,0.0,0.0,0.0,0.0,2.0824716194247156e8,0.0,0.0,0.0,0.0,0.0,2.0824716194247156e8,0.0,2.0824716194247156e8
None,solar_existing_NO125,5,1,90,0,0,0,0.0,0.0,0.0,0.0,0.0,0.0,0.0,0.0,0.0,0.0,0.0,0.0,0.0,0.0,0.0,0.0,0.0
None,solar_existing_NO3,6,1,91,0,0,0,0.0,0.0,0.0,0.0,0.0,0.0,0.0,0.0,0.0,0.0,0.0,0.0,0.0,0.0,0.0,0.0,0.0
None,solar_existing_NO4,7,1,92,0,0,0,0.0,0.0,0.0,0.0,0.0,0.0,0.0,0.0,0.0,0.0,0.0,0.0,0.0,0.0,0.0,0.0,0.0
None,solar_NO125,5,1,93,0,0,0,0.0,0.0,0.0,0.0,0.0,0.0,0.0,0.0,562.6968364589407,0.0,0.0,0.0,0.0,0.0,562.6968364589407,0.0,562.6968364589407
None,solar_NO3,6,1,94,0,0,0,0.0,0.0,0.0,0.0,0.0,0.0,0.0,0.0,3.960273270366475e6,0.0,0.0,0.0,0.0,0.0,3.960273270366475e6,0.0,3.960273270366475e6
None,solar_NO4,7,1,95,0,0,0,0.0,0.0,0.0,0.0,0.0,0.0,0.0,0.0,0.0,0.0,0.0,0.0,0.0,0.0,0.0,0.0,0.0
None,nuclear_existing_FI,8,1,96,0,0,0,0.0,0.0,0.0,0.0,0.0,0.0,0.0,0.0,3.4094840363008986e9,0.0,0.0,0.0,0.0,0.0,3.4094840363008986e9,0.0,3.4094840363008986e9
None,nuclear_FI,8,1,97,0,0,0,0.0,0.0,0.0,0.0,0.0,0.0,0.0,0.0,3.317612358965375e9,0.0,0.0,0.0,0.0,0.0,3.317612358965375e9,0.0,3.317612358965375e9
None,thermal_FI,8,1,98,0,0,0,0.0,0.0,0.0,0.0,0.0,0.0,0.0,0.0,1.230610414943297e9,0.0,0.0,0.0,0.0,0.0,1.230610414943297e9,0.0,1.230610414943297e9
None,coal_hard_FI,8,1,99,0,0,0,0.0,0.0,0.0,0.0,0.0,0.0,0.0,0.0,0.0,0.0,0.0,0.0,0.0,0.0,0.0,0.0,0.0
None,gas_FI,8,1,100,0,0,0,0.0,0.0,0.0,0.0,0.0,0.0,0.0,0.0,0.0,0.0,0.0,0.0,0.0,0.0,0.0,0.0,0.0
None,gas_OC_FI,8,1,101,0,0,0,0.0,0.0,0.0,0.0,0.0,0.0,0.0,0.0,0.0,0.0,0.0,0.0,0.0,0.0,0.0,0.0,0.0
None,hydro_FI,8,1,102,0,0,0,0.0,0.0,0.0,0.0,0.0,0.0,0.0,0.0,1.3220191031018531e9,0.0,0.0,0.0,0.0,0.0,1.3220191031018531e9,0.0,1.3220191031018531e9
None,wind_offshore_existing_FI,8,1,103,0,0,0,0.0,0.0,0.0,0.0,0.0,0.0,0.0,0.0,0.0,0.0,0.0,0.0,0.0,0.0,0.0,0.0,0.0
None,wind_offshore_FI,8,1,104,0,0,0,0.0,0.0,0.0,0.0,0.0,0.0,0.0,0.0,0.0,0.0,0.0,0.0,0.0,0.0,0.0,0.0,0.0
None,wind_onshore_existing_FI,8,1,105,0,0,0,0.0,0.0,0.0,0.0,0.0,0.0,0.0,0.0,1.1043449340563826e8,0.0,0.0,0.0,0.0,0.0,1.1043449340563826e8,0.0,1.1043449340563826e8
None,wind_onshore_FI,8,1,106,0,0,0,0.0,0.0,0.0,0.0,0.0,0.0,0.0,0.0,2.4884383201928396e9,0.0,0.0,0.0,0.0,0.0,2.4884383201928396e9,0.0,2.4884383201928396e9
None,solar_existing_FI,8,1,107,0,0,0,0.0,0.0,0.0,0.0,0.0,0.0,0.0,0.0,0.0,0.0,0.0,0.0,0.0,0.0,0.0,0.0,0.0
None,solar_FI,8,1,108,0,0,0,0.0,0.0,0.0,0.0,0.0,0.0,0.0,0.0,3.918078347802456e7,0.0,0.0,0.0,0.0,0.0,3.918078347802456e7,0.0,3.918078347802456e7
None,battery_FI,8,1,109,0,0,0,0.0,0.0,0.0,8.103796308562455e7,0.0,0.0,0.0,1.9307895321972493e7,3.0046758879308313e8,0.0,0.0,0.0,0.0,0.0,3.0046758879308313e8,1.0034585840759704e8,2.001217303854861e8
None,hydrogen_storage_FI,8,1,110,0,0,0,0.0,0.0,0.0,0.0,0.0,0.0,0.0,0.0,0.0,0.0,0.0,0.0,0.0,0.0,0.0,0.0,0.0
None,must_run_DK1,9,1,111,0,0,0,0.0,0.0,0.0,0.0,0.0,0.0,0.0,0.0,2.4791440822675514e8,0.0,0.0,0.0,0.0,0.0,2.4791440822675514e8,0.0,2.4791440822675514e8
None,must_run_DK2,10,1,112,0,0,0,0.0,0.0,0.0,0.0,0.0,0.0,0.0,0.0,6.008673780220423e8,0.0,0.0,0.0,0.0,0.0,6.008673780220423e8,0.0,6.008673780220423e8
None,coal_hard_DK1,9,1,113,0,0,0,0.0,0.0,0.0,0.0,0.0,0.0,0.0,0.0,0.0,0.0,0.0,0.0,0.0,0.0,0.0,0.0,0.0
None,gas_DK1,9,1,114,0,0,0,0.0,0.0,0.0,0.0,3.722420799132769e8,0.0,0.0,0.0,4.1163912774459994e8,0.0,0.0,0.0,0.0,0.0,4.1163912774459994e8,3.722420799132769e8,3.939704783132303e7
None,gas_DK2,10,1,115,0,0,0,0.0,0.0,0.0,0.0,1.419667308480409e8,0.0,0.0,0.0,1.5977315449144807e8,0.0,0.0,0.0,0.0,0.0,1.5977315449144807e8,1.419667308480409e8,1.7806423643407166e7
None,gas_CC_CCS_DK1,9,1,116,0,0,0,0.0,0.0,0.0,0.0,0.0,0.0,0.0,0.0,0.0,0.0,0.0,0.0,0.0,0.0,0.0,0.0,0.0
None,gas_CC_CCS_retrofit_DK2,10,1,117,0,0,0,0.0,0.0,0.0,0.0,0.0,0.0,0.0,0.0,0.0,0.0,0.0,0.0,0.0,0.0,0.0,0.0,0.0
None,wind_offshore_existing_DK1,9,1,118,0,0,0,0.0,0.0,0.0,0.0,0.0,0.0,0.0,0.0,0.0,0.0,0.0,0.0,0.0,0.0,0.0,0.0,0.0
None,wind_offshore_existing_DK2,10,1,119,0,0,0,0.0,0.0,0.0,0.0,0.0,0.0,0.0,0.0,0.0,0.0,0.0,0.0,0.0,0.0,0.0,0.0,0.0
None,wind_offshore_DK1,9,1,120,0,0,0,0.0,0.0,0.0,0.0,0.0,0.0,0.0,0.0,2.3975258832600822e9,0.0,0.0,0.0,0.0,0.0,2.3975258832600822e9,0.0,2.3975258832600822e9
None,wind_offshore_DK2,10,1,121,0,0,0,0.0,0.0,0.0,0.0,0.0,0.0,0.0,0.0,1.3739354303228257e9,0.0,0.0,0.0,0.0,0.0,1.3739354303228257e9,0.0,1.3739354303228257e9
None,wind_onshore_existing_DK1,9,1,122,0,0,0,0.0,0.0,0.0,0.0,0.0,0.0,0.0,0.0,0.0,0.0,0.0,0.0,0.0,0.0,0.0,0.0,0.0
None,wind_onshore_existing_DK2,10,1,123,0,0,0,0.0,0.0,0.0,0.0,0.0,0.0,0.0,0.0,0.0,0.0,0.0,0.0,0.0,0.0,0.0,0.0,0.0
None,wind_onshore_DK1,9,1,124,0,0,0,0.0,0.0,0.0,0.0,0.0,0.0,0.0,0.0,1.1484563765288327e9,0.0,0.0,0.0,0.0,0.0,1.1484563765288327e9,0.0,1.1484563765288327e9
None,wind_onshore_DK2,10,1,125,0,0,0,0.0,0.0,0.0,0.0,0.0,0.0,0.0,0.0,8.148589525188816e7,0.0,0.0,0.0,0.0,0.0,8.148589525188816e7,0.0,8.148589525188816e7
None,solar_existing_DK1,9,1,126,0,0,0,0.0,0.0,0.0,0.0,0.0,0.0,0.0,0.0,0.0,0.0,0.0,0.0,0.0,0.0,0.0,0.0,0.0
None,solar_existing_DK2,10,1,127,0,0,0,0.0,0.0,0.0,0.0,0.0,0.0,0.0,0.0,0.0,0.0,0.0,0.0,0.0,0.0,0.0,0.0,0.0
None,solar_DK1,9,1,128,0,0,0,0.0,0.0,0.0,0.0,0.0,0.0,0.0,0.0,2.2127198820150533e8,0.0,0.0,0.0,0.0,0.0,2.2127198820150533e8,0.0,2.2127198820150533e8
None,solar_DK2,10,1,129,0,0,0,0.0,0.0,0.0,0.0,0.0,0.0,0.0,0.0,3.375734672487606e8,0.0,0.0,0.0,0.0,0.0,3.375734672487606e8,0.0,3.375734672487606e8
None,battery_DK1,9,1,130,0,0,0,0.0,0.0,0.0,7.071210107239601e7,0.0,0.0,0.0,7.576825467838362e7,2.3457432992997316e8,0.0,0.0,0.0,0.0,0.0,2.3457432992997316e8,1.4648035575077963e8,8.809397417919353e7
None,battery_DK2,10,1,131,0,0,0,0.0,0.0,0.0,7.475748164162058e7,0.0,0.0,0.0,5.7965990496985175e7,2.145854851686991e8,0.0,0.0,0.0,0.0,0.0,2.145854851686991e8,1.3272347213860574e8,8.186201303009334e7
None,nuclear_existing_DE,11,1,132,0,0,0,0.0,0.0,0.0,0.0,0.0,0.0,0.0,0.0,0.0,0.0,0.0,0.0,0.0,0.0,0.0,0.0,0.0
None,nuclear_DE,11,1,133,0,0,0,0.0,0.0,0.0,0.0,0.0,0.0,0.0,0.0,0.0,0.0,0.0,0.0,0.0,0.0,0.0,0.0,0.0
None,must_run_DE,11,1,134,0,0,0,0.0,0.0,0.0,0.0,0.0,0.0,0.0,0.0,8.40606112932282e9,0.0,0.0,0.0,0.0,0.0,8.40606112932282e9,0.0,8.40606112932282e9
None,coal_lignite_DE,11,1,135,0,0,0,0.0,0.0,0.0,0.0,0.0,0.0,0.0,0.0,0.0,0.0,0.0,0.0,0.0,0.0,0.0,0.0,0.0
None,coal_hard_DE,11,1,136,0,0,0,0.0,0.0,0.0,0.0,0.0,0.0,0.0,0.0,0.0,0.0,0.0,0.0,0.0,0.0,0.0,0.0,0.0
None,coal_hard_CCS_DE,11,1,137,0,0,0,0.0,0.0,0.0,0.0,0.0,0.0,0.0,0.0,0.0,0.0,0.0,0.0,0.0,0.0,0.0,0.0,0.0
None,coal_hard_CCS_retrofit_DE,11,1,138,0,0,0,0.0,0.0,0.0,0.0,0.0,0.0,0.0,0.0,0.0,0.0,0.0,0.0,0.0,0.0,0.0,0.0,0.0
None,coal_lignite_CCS_DE,11,1,139,0,0,0,0.0,0.0,0.0,0.0,0.0,0.0,0.0,0.0,0.0,0.0,0.0,0.0,0.0,0.0,0.0,0.0,0.0
None,biogas_OC_DE,11,1,140,0,0,0,0.0,0.0,0.0,0.0,0.0,0.0,0.0,0.0,0.0,0.0,0.0,0.0,0.0,0.0,0.0,0.0,0.0
None,biomass_DE,11,1,141,0,0,0,0.0,0.0,0.0,0.0,0.0,0.0,0.0,0.0,0.0,0.0,0.0,0.0,0.0,0.0,0.0,0.0,0.0
None,biomass_CCS_DE,11,1,142,0,0,0,0.0,0.0,0.0,0.0,0.0,0.0,0.0,0.0,0.0,0.0,0.0,0.0,0.0,0.0,0.0,0.0,0.0
None,gas_CC_CCS_DE,11,1,143,0,0,0,0.0,0.0,0.0,0.0,7.610917347931826e9,0.0,0.0,0.0,1.799295254976878e10,0.0,0.0,0.0,0.0,0.0,1.799295254976878e10,7.610917347931826e9,1.0382035201836954e10
None,gas_CC_CCS_retrofit_DE,11,1,144,0,0,0,0.0,0.0,0.0,0.0,6.325075770045093e9,0.0,0.0,0.0,1.5409014960529743e10,0.0,0.0,0.0,0.0,0.0,1.5409014960529743e10,6.325075770045093e9,9.08393919048465e9
None,gas_CC_DE,11,1,145,0,0,0,0.0,0.0,0.0,0.0,0.0,0.0,0.0,0.0,0.0,0.0,0.0,0.0,0.0,0.0,0.0,0.0,0.0
None,gas_CC_existing_DE,11,1,146,0,0,0,0.0,0.0,0.0,0.0,0.0,0.0,0.0,0.0,0.0,0.0,0.0,0.0,0.0,0.0,0.0,0.0,0.0
None,gas_OC_DE,11,1,147,0,0,0,0.0,0.0,0.0,0.0,0.0,0.0,0.0,0.0,0.0,0.0,0.0,0.0,0.0,0.0,0.0,0.0,0.0
None,gas_OC_existing_DE,11,1,148,0,0,0,0.0,0.0,0.0,0.0,0.0,0.0,0.0,0.0,0.0,0.0,0.0,0.0,0.0,0.0,0.0,0.0,0.0
None,wind_offshore_fixed_existing_DE,11,1,149,0,0,0,0.0,0.0,0.0,0.0,0.0,0.0,0.0,0.0,21270.564900726997,0.0,0.0,0.0,0.0,0.0,21270.564900726997,0.0,21270.564900726997
None,wind_offshore_fixed_DE,11,1,150,0,0,0,0.0,0.0,0.0,0.0,0.0,0.0,0.0,0.0,1.6886821904728846e10,0.0,0.0,0.0,0.0,0.0,1.6886821904728846e10,0.0,1.6886821904728846e10
None,wind_offshore_floating_DE,11,1,151,0,0,0,0.0,0.0,0.0,0.0,0.0,0.0,0.0,0.0,0.0,0.0,0.0,0.0,0.0,0.0,0.0,0.0,0.0
None,wind_onshore_existing_DE,11,1,152,0,0,0,0.0,0.0,0.0,0.0,0.0,0.0,0.0,0.0,12188.306372143275,0.0,0.0,0.0,0.0,0.0,12188.306372143275,0.0,12188.306372143275
None,wind_onshore_DE,11,1,153,0,0,0,0.0,0.0,0.0,0.0,0.0,0.0,0.0,0.0,2.5016616626592392e10,0.0,0.0,0.0,0.0,0.0,2.5016616626592392e10,0.0,2.5016616626592392e10
None,solar_existing_DE,11,1,154,0,0,0,0.0,0.0,0.0,0.0,0.0,0.0,0.0,0.0,3821.8898847238866,0.0,0.0,0.0,0.0,0.0,3821.8898847238866,0.0,3821.8898847238866
None,solar_DE,11,1,155,0,0,0,0.0,0.0,0.0,0.0,0.0,0.0,0.0,0.0,1.259509826841913e10,0.0,0.0,0.0,0.0,0.0,1.259509826841913e10,0.0,1.259509826841913e10
None,hydro_pumped_storage_DE,11,1,156,0,0,0,0.0,0.0,0.0,0.0,0.0,0.0,0.0,3.7454246205542463e8,1.0436337467990205e9,0.0,0.0,0.0,0.0,0.0,1.0436337467990205e9,3.7454246205542463e8,6.690912847435958e8
None,battery_storage_DE,11,1,157,0,0,0,0.0,0.0,0.0,0.0,0.0,0.0,0.0,2.1068412485158532e9,5.815743833389384e9,0.0,0.0,0.0,0.0,0.0,5.815743833389384e9,2.1068412485158532e9,3.7089025848735313e9
None,hydrogen_OC_storage_DE,11,1,158,0,0,0,0.0,0.0,0.0,0.0,0.0,0.0,0.0,0.0,0.0,0.0,0.0,0.0,0.0,0.0,0.0,0.0,0.0
None,hydrogen_CC_storage_DE,11,1,159,0,0,0,0.0,0.0,0.0,3.763923569609513e7,0.0,3.2262202025224385e9,0.0,1.5313138056110137e9,8.596632217424002e9,0.0,0.0,0.0,0.0,0.0,8.596632217424002e9,4.795173243829547e9,3.801458973594455e9
None,nuclear_PL,12,1,160,0,0,0,0.0,0.0,0.0,0.0,0.0,0.0,0.0,0.0,7.441551505863695e9,0.0,0.0,0.0,0.0,0.0,7.441551505863695e9,0.0,7.441551505863695e9
None,must_run_PL,12,1,161,0,0,0,0.0,0.0,0.0,0.0,0.0,0.0,0.0,0.0,3.802483424532088e8,0.0,0.0,0.0,0.0,0.0,3.802483424532088e8,0.0,3.802483424532088e8
None,coal_lignite_PL,12,1,162,0,0,0,0.0,0.0,0.0,0.0,0.0,0.0,0.0,0.0,0.0,0.0,0.0,0.0,0.0,0.0,0.0,0.0,0.0
None,coal_hard_PL,12,1,163,0,0,0,0.0,0.0,0.0,0.0,0.0,0.0,0.0,0.0,0.0,0.0,0.0,0.0,0.0,0.0,0.0,0.0,0.0
None,gas_CC_CCS_PL,12,1,164,0,0,0,0.0,0.0,0.0,0.0,5.733459402901479e8,0.0,0.0,0.0,1.1000840512299936e9,0.0,0.0,0.0,0.0,0.0,1.1000840512299936e9,5.733459402901479e8,5.267381109398457e8
None,gas_CC_PL,12,1,165,0,0,0,0.0,0.0,0.0,0.0,1.5343965835400097e9,0.0,0.0,0.0,1.3862111426742659e9,0.0,0.0,0.0,0.0,0.0,1.3862111426742659e9,1.5343965835400097e9,-1.4818544086574388e8
None,gas_OC_PL,12,1,166,0,0,0,0.0,0.0,0.0,0.0,3.392738239263825e7,0.0,0.0,0.0,6.049695569443663e7,0.0,0.0,0.0,0.0,0.0,6.049695569443663e7,3.392738239263825e7,2.656957330179838e7
None,wind_offshore_existing_PL,12,1,167,0,0,0,0.0,0.0,0.0,0.0,0.0,0.0,0.0,0.0,0.0,0.0,0.0,0.0,0.0,0.0,0.0,0.0,0.0
None,wind_offshore_PL,12,1,168,0,0,0,0.0,0.0,0.0,0.0,0.0,0.0,0.0,0.0,0.0,0.0,0.0,0.0,0.0,0.0,0.0,0.0,0.0
None,wind_onshore_existing_PL,12,1,169,0,0,0,0.0,0.0,0.0,0.0,0.0,0.0,0.0,0.0,4.377381075761766e7,0.0,0.0,0.0,0.0,0.0,4.377381075761766e7,0.0,4.377381075761766e7
None,wind_onshore_PL,12,1,170,0,0,0,0.0,0.0,0.0,0.0,0.0,0.0,0.0,0.0,3.370376035078806e9,0.0,0.0,0.0,0.0,0.0,3.370376035078806e9,0.0,3.370376035078806e9
None,solar_existing_PL,12,1,171,0,0,0,0.0,0.0,0.0,0.0,0.0,0.0,0.0,0.0,0.0,0.0,0.0,0.0,0.0,0.0,0.0,0.0,0.0
None,solar_PL,12,1,172,0,0,0,0.0,0.0,0.0,0.0,0.0,0.0,0.0,0.0,5.668558651673875e8,0.0,0.0,0.0,0.0,0.0,5.668558651673875e8,0.0,5.668558651673875e8
None,battery_PL,12,1,173,0,0,0,0.0,0.0,0.0,0.0,0.0,0.0,0.0,2.3170139474915534e8,6.589949263674262e8,0.0,0.0,0.0,0.0,0.0,6.589949263674262e8,2.3170139474915534e8,4.272935316182708e8
None,nuclear_BT,13,1,174,0,0,0,0.0,0.0,0.0,0.0,0.0,0.0,0.0,0.0,1.0428644069706701e9,0.0,0.0,0.0,0.0,0.0,1.0428644069706701e9,0.0,1.0428644069706701e9
None,nuclear_new_BT,13,1,175,0,0,0,0.0,0.0,0.0,0.0,0.0,0.0,0.0,0.0,0.0,0.0,0.0,0.0,0.0,0.0,0.0,0.0,0.0
None,oilshale_BT,13,1,176,0,0,0,0.0,0.0,0.0,0.0,0.0,0.0,0.0,0.0,0.0,0.0,0.0,0.0,0.0,0.0,0.0,0.0,0.0
None,must_run_BT,13,1,177,0,0,0,0.0,0.0,0.0,0.0,0.0,0.0,0.0,0.0,5.438820056643764e8,0.0,0.0,0.0,0.0,0.0,5.438820056643764e8,0.0,5.438820056643764e8
None,gas_BT,13,1,178,0,0,0,0.0,0.0,0.0,0.0,0.0,0.0,0.0,0.0,0.0,0.0,0.0,0.0,0.0,0.0,0.0,0.0,0.0
None,wind_offshore_BT,13,1,179,0,0,0,0.0,0.0,0.0,0.0,0.0,0.0,0.0,0.0,2.872060024762947e7,0.0,0.0,0.0,0.0,0.0,2.872060024762947e7,0.0,2.872060024762947e7
None,wind_offshore_new_BT,13,1,180,0,0,0,0.0,0.0,0.0,0.0,0.0,0.0,0.0,0.0,0.0,0.0,0.0,0.0,0.0,0.0,0.0,0.0,0.0
None,wind_onshore_BT,13,1,181,0,0,0,0.0,0.0,0.0,0.0,0.0,0.0,0.0,0.0,8.581800986091055e8,0.0,0.0,0.0,0.0,0.0,8.581800986091055e8,0.0,8.581800986091055e8
None,wind_onshore_new_BT,13,1,182,0,0,0,0.0,0.0,0.0,0.0,0.0,0.0,0.0,0.0,0.0,0.0,0.0,0.0,0.0,0.0,0.0,0.0,0.0
None,solar_existing_BT,13,1,183,0,0,0,0.0,0.0,0.0,0.0,0.0,0.0,0.0,0.0,0.0,0.0,0.0,0.0,0.0,0.0,0.0,0.0,0.0
None,solar_BT,13,1,184,0,0,0,0.0,0.0,0.0,0.0,0.0,0.0,0.0,0.0,1.8020650506456926e8,0.0,0.0,0.0,0.0,0.0,1.8020650506456926e8,0.0,1.8020650506456926e8
None,nuclear_UK,14,1,185,0,0,0,0.0,0.0,0.0,0.0,0.0,0.0,0.0,0.0,8.30337675651298e9,0.0,0.0,0.0,0.0,0.0,8.30337675651298e9,0.0,8.30337675651298e9
None,coal_hard_UK,14,1,186,0,0,0,0.0,0.0,0.0,0.0,0.0,0.0,0.0,0.0,0.0,0.0,0.0,0.0,0.0,0.0,0.0,0.0,0.0
None,gas_CC_CCS_UK,14,1,187,0,0,0,0.0,0.0,0.0,0.0,1.276926336620827e10,0.0,0.0,0.0,2.7463262968673183e10,0.0,0.0,0.0,0.0,0.0,2.7463262968673183e10,1.276926336620827e10,1.4693999602464914e10
None,gas_CC_UK,14,1,188,0,0,0,0.0,0.0,0.0,0.0,48611.52824200457,0.0,0.0,0.0,55862.01796006944,0.0,0.0,0.0,0.0,0.0,55862.01796006944,48611.52824200457,7250.4897180648695
None,gas_OC_UK,14,1,189,0,0,0,0.0,0.0,0.0,0.0,6.526089045007418e8,0.0,0.0,0.0,1.31518584228112e9,0.0,0.0,0.0,0.0,0.0,1.31518584228112e9,6.526089045007418e8,6.625769377803782e8
None,wind_offshore_existing_UK,14,1,190,0,0,0,0.0,0.0,0.0,0.0,0.0,0.0,0.0,0.0,1.0557973508835473e9,0.0,0.0,0.0,0.0,0.0,1.0557973508835473e9,0.0,1.0557973508835473e9
None,wind_offshore_UK,14,1,191,0,0,0,0.0,0.0,0.0,0.0,0.0,0.0,0.0,0.0,9.87072266647926e9,0.0,0.0,0.0,0.0,0.0,9.87072266647926e9,0.0,9.87072266647926e9
None,wind_onshore_existing_UK,14,1,192,0,0,0,0.0,0.0,0.0,0.0,0.0,0.0,0.0,0.0,1.2321299490346703e8,0.0,0.0,0.0,0.0,0.0,1.2321299490346703e8,0.0,1.2321299490346703e8
None,wind_onshore_UK,14,1,193,0,0,0,0.0,0.0,0.0,0.0,0.0,0.0,0.0,0.0,6.677727436112281e9,0.0,0.0,0.0,0.0,0.0,6.677727436112281e9,0.0,6.677727436112281e9
None,solar_existing_UK,14,1,194,0,0,0,0.0,0.0,0.0,0.0,0.0,0.0,0.0,0.0,0.0,0.0,0.0,0.0,0.0,0.0,0.0,0.0,0.0
None,solar_UK,14,1,195,0,0,0,0.0,0.0,0.0,0.0,0.0,0.0,0.0,0.0,5.329642625670787e9,0.0,0.0,0.0,0.0,0.0,5.329642625670787e9,0.0,5.329642625670787e9
None,hydro_UK,14,1,196,0,0,0,0.0,0.0,0.0,0.0,0.0,0.0,0.0,0.0,7.029703111710006e8,0.0,0.0,0.0,0.0,0.0,7.029703111710006e8,0.0,7.029703111710006e8
None,hydro_pumped_UK,14,1,197,0,0,0,0.0,0.0,0.0,0.0,0.0,0.0,0.0,3.878774023350508e8,8.143803656998103e8,0.0,0.0,0.0,0.0,0.0,8.143803656998103e8,3.878774023350508e8,4.2650296336475945e8
None,battery_UK,14,1,198,0,0,0,0.0,0.0,0.0,4.3712424799465716e8,0.0,0.0,0.0,3.680761234781558e8,1.1508769866574287e9,0.0,0.0,0.0,0.0,0.0,1.1508769866574287e9,8.052003714728129e8,3.4567661518461585e8
None,nuclear_FR,15,1,199,0,0,0,0.0,0.0,0.0,0.0,382051.36119179655,0.0,0.0,0.0,6.921512991287693e7,0.0,0.0,0.0,0.0,0.0,6.921512991287693e7,382051.36119179655,6.883307855168514e7
None,nuclear_existing_FR,15,1,200,0,0,0,0.0,0.0,0.0,0.0,1.8831347961109063e8,0.0,0.0,0.0,3.4116203113461143e10,0.0,0.0,0.0,0.0,0.0,3.4116203113461143e10,1.8831347961109063e8,3.392788963385005e10
None,coal_hard_FR,15,1,201,0,0,0,0.0,0.0,0.0,0.0,0.0,0.0,0.0,0.0,0.0,0.0,0.0,0.0,0.0,0.0,0.0,0.0,0.0
None,gas_CC_CCS_FR,15,1,202,0,0,0,0.0,0.0,0.0,0.0,1.2565585674763563e9,0.0,0.0,0.0,3.038008825071755e9,0.0,0.0,0.0,0.0,0.0,3.038008825071755e9,1.2565585674763563e9,1.7814502575953987e9
None,gas_CC_FR,15,1,203,0,0,0,0.0,0.0,0.0,0.0,3.804493737743445e7,0.0,0.0,0.0,4.019027415497942e7,0.0,0.0,0.0,0.0,0.0,4.019027415497942e7,3.804493737743445e7,2.1453367775449753e6
None,gas_OC_FR,15,1,204,0,0,0,0.0,0.0,0.0,0.0,3.9419057497247434e9,0.0,0.0,0.0,6.900241995847623e9,0.0,0.0,0.0,0.0,0.0,6.900241995847623e9,3.9419057497247434e9,2.9583362461228795e9
None,wind_offshore_existing_FR,15,1,205,0,0,0,0.0,0.0,0.0,0.0,0.0,0.0,0.0,0.0,1.5874676968116826e8,0.0,0.0,0.0,0.0,0.0,1.5874676968116826e8,0.0,1.5874676968116826e8
None,wind_offshore_FR,15,1,206,0,0,0,0.0,0.0,0.0,0.0,0.0,0.0,0.0,0.0,7.528609263675819e9,0.0,0.0,0.0,0.0,0.0,7.528609263675819e9,0.0,7.528609263675819e9
None,wind_onshore_existing_FR,15,1,207,0,0,0,0.0,0.0,0.0,0.0,0.0,0.0,0.0,0.0,1.835537812467494e7,0.0,0.0,0.0,0.0,0.0,1.835537812467494e7,0.0,1.835537812467494e7
None,wind_onshore_FR,15,1,208,0,0,0,0.0,0.0,0.0,0.0,0.0,0.0,0.0,0.0,8.291110006840703e9,0.0,0.0,0.0,0.0,0.0,8.291110006840703e9,0.0,8.291110006840703e9
None,solar_existing_FR,15,1,209,0,0,0,0.0,0.0,0.0,0.0,0.0,0.0,0.0,0.0,0.0,0.0,0.0,0.0,0.0,0.0,0.0,0.0,0.0
None,solar_FR,15,1,210,0,0,0,0.0,0.0,0.0,0.0,0.0,0.0,0.0,0.0,6.143738543457577e9,0.0,0.0,0.0,0.0,0.0,6.143738543457577e9,0.0,6.143738543457577e9
None,hydro_pumped_FR,15,1,211,0,0,0,0.0,0.0,0.0,0.0,0.0,0.0,0.0,3.3219231528302616e8,1.0662619471265589e9,0.0,0.0,0.0,0.0,0.0,1.0662619471265589e9,3.3219231528302616e8,7.340696318435328e8
None,battery_FR,15,1,212,0,0,0,0.0,0.0,0.0,6.733701460655707e8,0.0,0.0,0.0,9.865702941087862e8,2.565922168793435e9,0.0,0.0,0.0,0.0,0.0,2.565922168793435e9,1.659940440174357e9,9.059817286190782e8
None,coal_hard_ES,16,1,213,0,0,0,0.0,0.0,0.0,0.0,0.0,0.0,0.0,0.0,0.0,0.0,0.0,0.0,0.0,0.0,0.0,0.0,0.0
None,gas_CC_CCS_ES,16,1,214,0,0,0,0.0,0.0,0.0,0.0,4.986119650707047e9,0.0,0.0,0.0,8.402820586795975e9,0.0,0.0,0.0,0.0,0.0,8.402820586795975e9,4.986119650707047e9,3.4167009360889273e9
None,gas_CC_ES,16,1,215,0,0,0,0.0,0.0,0.0,0.0,1.7309604488983355e7,0.0,0.0,0.0,1.4141732735451503e7,0.0,0.0,0.0,0.0,0.0,1.4141732735451503e7,1.7309604488983355e7,-3.1678717535318527e6
None,gas_OC_ES,16,1,216,0,0,0,0.0,0.0,0.0,0.0,5.204891025400818e8,0.0,0.0,0.0,6.902850438876129e8,0.0,0.0,0.0,0.0,0.0,6.902850438876129e8,5.204891025400818e8,1.6979594134753114e8
None,hydro_ES,16,1,217,0,0,0,0.0,0.0,0.0,0.0,0.0,0.0,0.0,0.0,2.336976343297364e9,0.0,0.0,0.0,0.0,0.0,2.336976343297364e9,0.0,2.336976343297364e9
None,wind_offshore_existing_ES,16,1,218,0,0,0,0.0,0.0,0.0,0.0,0.0,0.0,0.0,0.0,158055.88818408584,0.0,0.0,0.0,0.0,0.0,158055.88818408584,0.0,158055.88818408584
None,wind_offshore_ES,16,1,219,0,0,0,0.0,0.0,0.0,0.0,0.0,0.0,0.0,0.0,3.9546772284339774e8,0.0,0.0,0.0,0.0,0.0,3.9546772284339774e8,0.0,3.9546772284339774e8
None,wind_onshore_existing_ES,16,1,220,0,0,0,0.0,0.0,0.0,0.0,0.0,0.0,0.0,0.0,4.114733868359837e7,0.0,0.0,0.0,0.0,0.0,4.114733868359837e7,0.0,4.114733868359837e7
None,wind_onshore_ES,16,1,221,0,0,0,0.0,0.0,0.0,0.0,0.0,0.0,0.0,0.0,8.274456301144297e9,0.0,0.0,0.0,0.0,0.0,8.274456301144297e9,0.0,8.274456301144297e9
None,solar_existing_ES,16,1,222,0,0,0,0.0,0.0,0.0,0.0,0.0,0.0,0.0,0.0,0.0,0.0,0.0,0.0,0.0,0.0,0.0,0.0,0.0
None,solar_ES,16,1,223,0,0,0,0.0,0.0,0.0,0.0,0.0,0.0,0.0,0.0,3.90031252012412e9,0.0,0.0,0.0,0.0,0.0,3.90031252012412e9,0.0,3.90031252012412e9
None,hydro_pumped_ES,16,1,224,0,0,0,0.0,0.0,0.0,2.0165504581215706e8,0.0,0.0,0.0,5.379103688238178e8,2.026913951063566e9,0.0,0.0,0.0,0.0,0.0,2.026913951063566e9,7.395654146359749e8,1.287348536427591e9
None,battery_ES,16,1,225,0,0,0,0.0,0.0,0.0,1.0797984360783868e9,0.0,0.0,0.0,4.312103910930286e8,2.336694970073619e9,0.0,0.0,0.0,0.0,0.0,2.336694970073619e9,1.5110088271714153e9,8.256861429022036e8
None,nuclear_NL,17,1,226,0,0,0,0.0,0.0,0.0,0.0,0.0,0.0,0.0,0.0,4.6252339915447414e8,0.0,0.0,0.0,0.0,0.0,4.6252339915447414e8,0.0,4.6252339915447414e8
None,must_run_NL,17,1,227,0,0,0,0.0,0.0,0.0,0.0,0.0,0.0,0.0,0.0,1.173321136336853e9,0.0,0.0,0.0,0.0,0.0,1.173321136336853e9,0.0,1.173321136336853e9
None,coal_hard_NL,17,1,228,0,0,0,0.0,0.0,0.0,0.0,0.0,0.0,0.0,0.0,0.0,0.0,0.0,0.0,0.0,0.0,0.0,0.0,0.0
None,gas_CC_CCS_NL,17,1,229,0,0,0,0.0,0.0,0.0,0.0,4.907827542427837e9,0.0,0.0,0.0,1.1562933607083714e10,0.0,0.0,0.0,0.0,0.0,1.1562933607083714e10,4.907827542427837e9,6.655106064655876e9
None,gas_CC_NL,17,1,230,0,0,0,0.0,0.0,0.0,0.0,26.71331267132286,0.0,0.0,0.0,36.937955532054296,0.0,0.0,0.0,0.0,0.0,36.937955532054296,26.71331267132286,10.224642860731436
None,gas_OC_NL,17,1,231,0,0,0,0.0,0.0,0.0,0.0,1.16478453969146e6,0.0,0.0,0.0,2.328490787020736e6,0.0,0.0,0.0,0.0,0.0,2.328490787020736e6,1.16478453969146e6,1.1637062473292758e6
None,wind_offshore_existing_NL,17,1,232,0,0,0,0.0,0.0,0.0,0.0,0.0,0.0,0.0,0.0,3.6181364453052944e8,0.0,0.0,0.0,0.0,0.0,3.6181364453052944e8,0.0,3.6181364453052944e8
None,wind_offshore_NL,17,1,233,0,0,0,0.0,0.0,0.0,0.0,0.0,0.0,0.0,0.0,2.268982484030938e9,0.0,0.0,0.0,0.0,0.0,2.268982484030938e9,0.0,2.268982484030938e9
None,wind_onshore_existing_NL,17,1,234,0,0,0,0.0,0.0,0.0,0.0,0.0,0.0,0.0,0.0,2.7797004150064357e7,0.0,0.0,0.0,0.0,0.0,2.7797004150064357e7,0.0,2.7797004150064357e7
None,wind_onshore_NL,17,1,235,0,0,0,0.0,0.0,0.0,0.0,0.0,0.0,0.0,0.0,2.2265039740363827e9,0.0,0.0,0.0,0.0,0.0,2.2265039740363827e9,0.0,2.2265039740363827e9
None,solar_existing_NL,17,1,236,0,0,0,0.0,0.0,0.0,0.0,0.0,0.0,0.0,0.0,0.0,0.0,0.0,0.0,0.0,0.0,0.0,0.0,0.0
None,solar_NL,17,1,237,0,0,0,0.0,0.0,0.0,0.0,0.0,0.0,0.0,0.0,3.2166439065600886e9,0.0,0.0,0.0,0.0,0.0,3.2166439065600886e9,0.0,3.2166439065600886e9
None,battery_NL,17,1,238,0,0,0,0.0,0.0,0.0,5.896640818533651e8,0.0,0.0,0.0,4.240952641868082e8,1.5834249954566054e9,0.0,0.0,0.0,0.0,0.0,1.5834249954566054e9,1.0137593460401733e9,5.696656494164321e8
None,nse0_heating_space_load_SE1,1,1,239,0,0,0,0.0,0.0,0.0,0.0,540751.9233620336,0.0,0.0,0.0,1.0953421940089639e6,0.0,0.0,0.0,0.0,0.0,1.0953421940089639e6,540751.9233620336,554590.2706469303
None,nse1_heating_space_load_SE1,1,1,240,0,0,0,0.0,0.0,0.0,0.0,732720.730938287,0.0,0.0,0.0,842099.8133743545,0.0,0.0,0.0,0.0,0.0,842099.8133743545,732720.730938287,109379.08243606752
None,nse2_heating_space_load_SE1,1,1,241,0,0,0,0.0,0.0,0.0,0.0,0.0,0.0,0.0,0.0,0.0,0.0,0.0,0.0,0.0,0.0,0.0,0.0,0.0
None,nse3_heating_space_load_SE1,1,1,242,0,0,0,0.0,0.0,0.0,0.0,0.0,0.0,0.0,0.0,0.0,0.0,0.0,0.0,0.0,0.0,0.0,0.0,0.0
None,nse0_heating_space_load_SE2,2,1,243,0,0,0,0.0,0.0,0.0,0.0,871002.4463190647,0.0,0.0,0.0,1.8649251119462736e6,0.0,0.0,0.0,0.0,0.0,1.8649251119462736e6,871002.4463190647,993922.6656272089
None,nse1_heating_space_load_SE2,2,1,244,0,0,0,0.0,0.0,0.0,0.0,1.2262501417928264e6,0.0,0.0,0.0,1.4124854184274368e6,0.0,0.0,0.0,0.0,0.0,1.4124854184274368e6,1.2262501417928264e6,186235.2766346105
None,nse2_heating_space_load_SE2,2,1,245,0,0,0,0.0,0.0,0.0,0.0,0.0,0.0,0.0,0.0,0.0,0.0,0.0,0.0,0.0,0.0,0.0,0.0,0.0
None,nse3_heating_space_load_SE2,2,1,246,0,0,0,0.0,0.0,0.0,0.0,0.0,0.0,0.0,0.0,0.0,0.0,0.0,0.0,0.0,0.0,0.0,0.0,0.0
None,nse0_heating_space_load_SE3,3,1,247,0,0,0,0.0,0.0,0.0,0.0,5.1187567873867545e6,0.0,0.0,0.0,1.0391346225484882e7,0.0,0.0,0.0,0.0,0.0,1.0391346225484882e7,5.1187567873867545e6,5.272589438098127e6
None,nse1_heating_space_load_SE3,3,1,248,0,0,0,0.0,0.0,0.0,0.0,6.5066239117377605e6,0.0,0.0,0.0,7.604139609653147e6,0.0,0.0,0.0,0.0,0.0,7.604139609653147e6,6.5066239117377605e6,1.0975156979153864e6
None,nse2_heating_space_load_SE3,3,1,249,0,0,0,0.0,0.0,0.0,0.0,0.0,0.0,0.0,0.0,0.0,0.0,0.0,0.0,0.0,0.0,0.0,0.0,0.0
None,nse3_heating_space_load_SE3,3,1,250,0,0,0,0.0,0.0,0.0,0.0,0.0,0.0,0.0,0.0,0.0,0.0,0.0,0.0,0.0,0.0,0.0,0.0,0.0
None,nse0_heating_space_load_SE4,4,1,251,0,0,0,0.0,0.0,0.0,0.0,1.6704543503718788e6,0.0,0.0,0.0,3.3440408122560666e6,0.0,0.0,0.0,0.0,0.0,3.3440408122560666e6,1.6704543503718788e6,1.6735864618841878e6
None,nse1_heating_space_load_SE4,4,1,252,0,0,0,0.0,0.0,0.0,0.0,2.0567669997642855e6,0.0,0.0,0.0,2.4400143311000364e6,0.0,0.0,0.0,0.0,0.0,2.4400143311000364e6,2.0567669997642855e6,383247.3313357509
None,nse2_heating_space_load_SE4,4,1,253,0,0,0,0.0,0.0,0.0,0.0,0.0,0.0,0.0,0.0,0.0,0.0,0.0,0.0,0.0,0.0,0.0,0.0,0.0
None,nse3_heating_space_load_SE4,4,1,254,0,0,0,0.0,0.0,0.0,0.0,0.0,0.0,0.0,0.0,0.0,0.0,0.0,0.0,0.0,0.0,0.0,0.0,0.0
None,nse0_heating_sanitary_load_SE1,1,1,255,0,0,0,0.0,0.0,0.0,0.0,45597.281508607935,0.0,0.0,0.0,88492.56054525332,0.0,0.0,0.0,0.0,0.0,88492.56054525332,45597.281508607935,42895.279036645385
None,nse1_heating_sanitary_load_SE1,1,1,256,0,0,0,0.0,0.0,0.0,0.0,55701.78917246957,0.0,0.0,0.0,64069.338274732625,0.0,0.0,0.0,0.0,0.0,64069.338274732625,55701.78917246957,8367.549102263052
None,nse2_heating_sanitary_load_SE1,1,1,257,0,0,0,0.0,0.0,0.0,0.0,0.0,0.0,0.0,0.0,0.0,0.0,0.0,0.0,0.0,0.0,0.0,0.0,0.0
None,nse3_heating_sanitary_load_SE1,1,1,258,0,0,0,0.0,0.0,0.0,0.0,0.0,0.0,0.0,0.0,0.0,0.0,0.0,0.0,0.0,0.0,0.0,0.0,0.0
None,nse0_heating_sanitary_load_SE2,2,1,259,0,0,0,0.0,0.0,0.0,0.0,77685.20656439237,0.0,0.0,0.0,166837.85502704085,0.0,0.0,0.0,0.0,0.0,166837.85502704085,77685.20656439237,89152.64846264847
None,nse1_heating_sanitary_load_SE2,2,1,260,0,0,0,0.0,0.0,0.0,0.0,103831.11934768304,0.0,0.0,0.0,120653.54015173046,0.0,0.0,0.0,0.0,0.0,120653.54015173046,103831.11934768304,16822.42080404742
None,nse2_heating_sanitary_load_SE2,2,1,261,0,0,0,0.0,0.0,0.0,0.0,0.0,0.0,0.0,0.0,0.0,0.0,0.0,0.0,0.0,0.0,0.0,0.0,0.0
None,nse3_heating_sanitary_load_SE2,2,1,262,0,0,0,0.0,0.0,0.0,0.0,0.0,0.0,0.0,0.0,0.0,0.0,0.0,0.0,0.0,0.0,0.0,0.0,0.0
None,nse0_heating_sanitary_load_SE3,3,1,263,0,0,0,0.0,0.0,0.0,0.0,655462.3485523257,0.0,0.0,0.0,1.252386786163974e6,0.0,0.0,0.0,0.0,0.0,1.252386786163974e6,655462.3485523257,596924.4376116483
None,nse1_heating_sanitary_load_SE3,3,1,264,0,0,0,0.0,0.0,0.0,0.0,705710.3545610684,0.0,0.0,0.0,826098.0388260486,0.0,0.0,0.0,0.0,0.0,826098.0388260486,705710.3545610684,120387.68426498026
None,nse2_heating_sanitary_load_SE3,3,1,265,0,0,0,0.0,0.0,0.0,0.0,0.0,0.0,0.0,0.0,0.0,0.0,0.0,0.0,0.0,0.0,0.0,0.0,0.0
None,nse3_heating_sanitary_load_SE3,3,1,266,0,0,0,0.0,0.0,0.0,0.0,0.0,0.0,0.0,0.0,0.0,0.0,0.0,0.0,0.0,0.0,0.0,0.0,0.0
None,nse0_heating_sanitary_load_SE4,4,1,267,0,0,0,0.0,0.0,0.0,0.0,248916.97845958493,0.0,0.0,0.0,463138.4773514969,0.0,0.0,0.0,0.0,0.0,463138.4773514969,248916.97845958493,214221.498891912
None,nse1_heating_sanitary_load_SE4,4,1,268,0,0,0,0.0,0.0,0.0,0.0,251832.306996211,0.0,0.0,0.0,299455.8956810977,0.0,0.0,0.0,0.0,0.0,299455.8956810977,251832.306996211,47623.588684886694
None,nse2_heating_sanitary_load_SE4,4,1,269,0,0,0,0.0,0.0,0.0,0.0,0.0,0.0,0.0,0.0,0.0,0.0,0.0,0.0,0.0,0.0,0.0,0.0,0.0
None,nse3_heating_sanitary_load_SE4,4,1,270,0,0,0,0.0,0.0,0.0,0.0,0.0,0.0,0.0,0.0,0.0,0.0,0.0,0.0,0.0,0.0,0.0,0.0,0.0
None,nse0_EV_load_SE1,1,1,271,0,0,0,0.0,0.0,0.0,0.0,0.0,0.0,0.0,0.0,0.0,0.0,0.0,0.0,0.0,0.0,0.0,0.0,0.0
None,nse1_EV_load_SE1,1,1,272,0,0,0,0.0,0.0,0.0,0.0,0.0,0.0,0.0,0.0,0.0,0.0,0.0,0.0,0.0,0.0,0.0,0.0,0.0
None,nse2_EV_load_SE1,1,1,273,0,0,0,0.0,0.0,0.0,0.0,0.0,0.0,0.0,0.0,0.0,0.0,0.0,0.0,0.0,0.0,0.0,0.0,0.0
None,nse3_EV_load_SE1,1,1,274,0,0,0,0.0,0.0,0.0,0.0,0.0,0.0,0.0,0.0,0.0,0.0,0.0,0.0,0.0,0.0,0.0,0.0,0.0
None,nse0_EV_load_SE2,2,1,275,0,0,0,0.0,0.0,0.0,0.0,0.0,0.0,0.0,0.0,0.0,0.0,0.0,0.0,0.0,0.0,0.0,0.0,0.0
None,nse1_EV_load_SE2,2,1,276,0,0,0,0.0,0.0,0.0,0.0,0.0,0.0,0.0,0.0,0.0,0.0,0.0,0.0,0.0,0.0,0.0,0.0,0.0
None,nse2_EV_load_SE2,2,1,277,0,0,0,0.0,0.0,0.0,0.0,0.0,0.0,0.0,0.0,0.0,0.0,0.0,0.0,0.0,0.0,0.0,0.0,0.0
None,nse3_EV_load_SE2,2,1,278,0,0,0,0.0,0.0,0.0,0.0,0.0,0.0,0.0,0.0,0.0,0.0,0.0,0.0,0.0,0.0,0.0,0.0,0.0
None,nse0_EV_load_SE3,3,1,279,0,0,0,0.0,0.0,0.0,0.0,0.0,0.0,0.0,0.0,0.0,0.0,0.0,0.0,0.0,0.0,0.0,0.0,0.0
None,nse1_EV_load_SE3,3,1,280,0,0,0,0.0,0.0,0.0,0.0,0.0,0.0,0.0,0.0,0.0,0.0,0.0,0.0,0.0,0.0,0.0,0.0,0.0
None,nse2_EV_load_SE3,3,1,281,0,0,0,0.0,0.0,0.0,0.0,0.0,0.0,0.0,0.0,0.0,0.0,0.0,0.0,0.0,0.0,0.0,0.0,0.0
None,nse3_EV_load_SE3,3,1,282,0,0,0,0.0,0.0,0.0,0.0,0.0,0.0,0.0,0.0,0.0,0.0,0.0,0.0,0.0,0.0,0.0,0.0,0.0
None,nse0_EV_load_SE4,4,1,283,0,0,0,0.0,0.0,0.0,0.0,0.0,0.0,0.0,0.0,0.0,0.0,0.0,0.0,0.0,0.0,0.0,0.0,0.0
None,nse1_EV_load_SE4,4,1,284,0,0,0,0.0,0.0,0.0,0.0,0.0,0.0,0.0,0.0,0.0,0.0,0.0,0.0,0.0,0.0,0.0,0.0,0.0
None,nse2_EV_load_SE4,4,1,285,0,0,0,0.0,0.0,0.0,0.0,0.0,0.0,0.0,0.0,0.0,0.0,0.0,0.0,0.0,0.0,0.0,0.0,0.0
None,nse3_EV_load_SE4,4,1,286,0,0,0,0.0,0.0,0.0,0.0,0.0,0.0,0.0,0.0,0.0,0.0,0.0,0.0,0.0,0.0,0.0,0.0,0.0
None,nse0_residential_tertiary_load_SE1,1,1,287,0,0,0,0.0,0.0,0.0,0.0,405580.5728473035,0.0,0.0,0.0,788745.9814058878,0.0,0.0,0.0,0.0,0.0,788745.9814058878,405580.5728473035,383165.4085585842
None,nse1_residential_tertiary_load_SE1,1,1,288,0,0,0,0.0,0.0,0.0,0.0,510346.7658657352,0.0,0.0,0.0,585581.8224003026,0.0,0.0,0.0,0.0,0.0,585581.8224003026,510346.7658657352,75235.05653456744
None,nse2_residential_tertiary_load_SE1,1,1,289,0,0,0,0.0,0.0,0.0,0.0,0.0,0.0,0.0,0.0,0.0,0.0,0.0,0.0,0.0,0.0,0.0,0.0,0.0
None,nse3_residential_tertiary_load_SE1,1,1,290,0,0,0,0.0,0.0,0.0,0.0,0.0,0.0,0.0,0.0,0.0,0.0,0.0,0.0,0.0,0.0,0.0,0.0,0.0
None,nse0_residential_tertiary_load_SE2,2,1,291,0,0,0,0.0,0.0,0.0,0.0,439259.2578255032,0.0,0.0,0.0,946523.9642959329,0.0,0.0,0.0,0.0,0.0,946523.9642959329,439259.2578255032,507264.7064704297
None,nse1_residential_tertiary_load_SE2,2,1,292,0,0,0,0.0,0.0,0.0,0.0,616485.6658906452,0.0,0.0,0.0,711658.0108280292,0.0,0.0,0.0,0.0,0.0,711658.0108280292,616485.6658906452,95172.34493738401
None,nse2_residential_tertiary_load_SE2,2,1,293,0,0,0,0.0,0.0,0.0,0.0,0.0,0.0,0.0,0.0,0.0,0.0,0.0,0.0,0.0,0.0,0.0,0.0,0.0
None,nse3_residential_tertiary_load_SE2,2,1,294,0,0,0,0.0,0.0,0.0,0.0,0.0,0.0,0.0,0.0,0.0,0.0,0.0,0.0,0.0,0.0,0.0,0.0,0.0
None,nse0_residential_tertiary_load_SE3,3,1,295,0,0,0,0.0,0.0,0.0,0.0,7.63121931916489e6,0.0,0.0,0.0,1.4580059272659887e7,0.0,0.0,0.0,0.0,0.0,1.4580059272659887e7,7.63121931916489e6,6.948839953494997e6
None,nse1_residential_tertiary_load_SE3,3,1,296,0,0,0,0.0,0.0,0.0,0.0,8.654681873098161e6,0.0,0.0,0.0,1.0046834692828298e7,0.0,0.0,0.0,0.0,0.0,1.0046834692828298e7,8.654681873098161e6,1.3921528197301365e6
None,nse2_residential_tertiary_load_SE3,3,1,297,0,0,0,0.0,0.0,0.0,0.0,0.0,0.0,0.0,0.0,0.0,0.0,0.0,0.0,0.0,0.0,0.0,0.0,0.0
None,nse3_residential_tertiary_load_SE3,3,1,298,0,0,0,0.0,0.0,0.0,0.0,0.0,0.0,0.0,0.0,0.0,0.0,0.0,0.0,0.0,0.0,0.0,0.0,0.0
None,nse0_residential_tertiary_load_SE4,4,1,299,0,0,0,0.0,0.0,0.0,0.0,2.326917525982913e6,0.0,0.0,0.0,4.2869584680859735e6,0.0,0.0,0.0,0.0,0.0,4.2869584680859735e6,2.326917525982913e6,1.9600409421030604e6
None,nse1_residential_tertiary_load_SE4,4,1,300,0,0,0,0.0,0.0,0.0,0.0,2.4427875637003155e6,0.0,0.0,0.0,2.873941039081795e6,0.0,0.0,0.0,0.0,0.0,2.873941039081795e6,2.4427875637003155e6,431153.4753814796
None,nse2_residential_tertiary_load_SE4,4,1,301,0,0,0,0.0,0.0,0.0,0.0,0.0,0.0,0.0,0.0,0.0,0.0,0.0,0.0,0.0,0.0,0.0,0.0,0.0
None,nse3_residential_tertiary_load_SE4,4,1,302,0,0,0,0.0,0.0,0.0,0.0,0.0,0.0,0.0,0.0,0.0,0.0,0.0,0.0,0.0,0.0,0.0,0.0,0.0
None,nse0_electrolyser_load_SE1,1,1,303,0,0,0,0.0,0.0,0.0,0.0,1.0059048311533073e6,0.0,0.0,0.0,3.988040533861867e6,0.0,0.0,0.0,0.0,0.0,3.988040533861867e6,1.0059048311533073e6,2.98213570270856e6
None,nse1_electrolyser_load_SE1,1,1,304,0,0,0,0.0,0.0,0.0,0.0,1.3038110232499987e6,0.0,0.0,0.0,3.970404195608711e6,0.0,0.0,0.0,0.0,0.0,3.970404195608711e6,1.3038110232499987e6,2.666593172358712e6
None,nse2_electrolyser_load_SE1,1,1,305,0,0,0,0.0,0.0,0.0,0.0,1.6138540424200045e6,0.0,0.0,0.0,3.9677977069212557e6,0.0,0.0,0.0,0.0,0.0,3.9677977069212557e6,1.6138540424200045e6,2.353943664501251e6
None,nse3_electrolyser_load_SE1,1,1,306,0,0,0,0.0,0.0,0.0,0.0,1.9125031890599993e6,0.0,0.0,0.0,3.955582676970923e6,0.0,0.0,0.0,0.0,0.0,3.955582676970923e6,1.9125031890599993e6,2.0430794879109235e6
None,nse0_electrolyser_load_SE2,2,1,307,0,0,0,0.0,0.0,0.0,0.0,36822.428165000005,0.0,0.0,0.0,144195.25499879112,0.0,0.0,0.0,0.0,0.0,144195.25499879112,36822.428165000005,107372.82683379111
None,nse1_electrolyser_load_SE2,2,1,308,0,0,0,0.0,0.0,0.0,0.0,47771.746374999944,0.0,0.0,0.0,143596.68912616503,0.0,0.0,0.0,0.0,0.0,143596.68912616503,47771.746374999944,95824.94275116509
None,nse2_electrolyser_load_SE2,2,1,309,0,0,0,0.0,0.0,0.0,0.0,59131.74887000011,0.0,0.0,0.0,143503.31204902608,0.0,0.0,0.0,0.0,0.0,143503.31204902608,59131.74887000011,84371.56317902596
None,nse3_electrolyser_load_SE2,2,1,310,0,0,0,0.0,0.0,0.0,0.0,70074.27891000004,0.0,0.0,0.0,143055.54117902563,0.0,0.0,0.0,0.0,0.0,143055.54117902563,70074.27891000004,72981.2622690256
None,nse0_electrolyser_load_SE3,3,1,311,0,0,0,0.0,0.0,0.0,0.0,124994.45497499972,0.0,0.0,0.0,494950.2742051822,0.0,0.0,0.0,0.0,0.0,494950.2742051822,124994.45497499972,369955.8192301825
None,nse1_electrolyser_load_SE3,3,1,312,0,0,0,0.0,0.0,0.0,0.0,162020.9144761698,0.0,0.0,0.0,492702.41230270907,0.0,0.0,0.0,0.0,0.0,492702.41230270907,162020.9144761698,330681.4978265393
None,nse2_electrolyser_load_SE3,3,1,313,0,0,0,0.0,0.0,0.0,0.0,198709.13355000026,0.0,0.0,0.0,490583.60683997226,0.0,0.0,0.0,0.0,0.0,490583.60683997226,198709.13355000026,291874.473289972
None,nse3_electrolyser_load_SE3,3,1,314,0,0,0,0.0,0.0,0.0,0.0,235920.70813500008,0.0,0.0,0.0,489429.552436509,0.0,0.0,0.0,0.0,0.0,489429.552436509,235920.70813500008,253508.8443015089
None,nse0_electrolyser_load_SE4,4,1,315,0,0,0,0.0,0.0,0.0,0.0,10658.380410000007,0.0,0.0,0.0,42756.06419629346,0.0,0.0,0.0,0.0,0.0,42756.06419629346,10658.380410000007,32097.683786293455
None,nse1_electrolyser_load_SE4,4,1,316,0,0,0,0.0,0.0,0.0,0.0,13860.841499999993,0.0,0.0,0.0,42609.24433911526,0.0,0.0,0.0,0.0,0.0,42609.24433911526,13860.841499999993,28748.402839115268
None,nse2_electrolyser_load_SE4,4,1,317,0,0,0,0.0,0.0,0.0,0.0,17158.508369999978,0.0,0.0,0.0,42583.56518551989,0.0,0.0,0.0,0.0,0.0,42583.56518551989,17158.508369999978,25425.05681551991
None,nse3_electrolyser_load_SE4,4,1,318,0,0,0,0.0,0.0,0.0,0.0,20168.69111999996,0.0,0.0,0.0,42312.15786604223,0.0,0.0,0.0,0.0,0.0,42312.15786604223,20168.69111999996,22143.46674604227
None,nse0_industry_load_SE1,1,1,319,0,0,0,0.0,0.0,0.0,0.0,2.2294938043709397e7,0.0,0.0,0.0,4.3082063629255936e7,0.0,0.0,0.0,0.0,0.0,4.3082063629255936e7,2.2294938043709397e7,2.078712558554654e7
None,nse1_industry_load_SE1,1,1,320,0,0,0,0.0,0.0,0.0,0.0,2.786142639050026e7,0.0,0.0,0.0,3.1949384626375083e7,0.0,0.0,0.0,0.0,0.0,3.1949384626375083e7,2.786142639050026e7,4.087958235874824e6
None,nse2_industry_load_SE1,1,1,321,0,0,0,0.0,0.0,0.0,0.0,0.0,0.0,0.0,0.0,0.0,0.0,0.0,0.0,0.0,0.0,0.0,0.0,0.0
None,nse3_industry_load_SE1,1,1,322,0,0,0,0.0,0.0,0.0,0.0,0.0,0.0,0.0,0.0,0.0,0.0,0.0,0.0,0.0,0.0,0.0,0.0,0.0
None,nse0_industry_load_SE2,2,1,323,0,0,0,0.0,0.0,0.0,0.0,1.06511157315e7,0.0,0.0,0.0,2.2922849262157995e7,0.0,0.0,0.0,0.0,0.0,2.2922849262157995e7,1.06511157315e7,1.2271733530657995e7
None,nse1_industry_load_SE2,2,1,324,0,0,0,0.0,0.0,0.0,0.0,1.5067241936254015e7,0.0,0.0,0.0,1.7376984586026758e7,0.0,0.0,0.0,0.0,0.0,1.7376984586026758e7,1.5067241936254015e7,2.3097426497727428e6
None,nse2_industry_load_SE2,2,1,325,0,0,0,0.0,0.0,0.0,0.0,0.0,0.0,0.0,0.0,0.0,0.0,0.0,0.0,0.0,0.0,0.0,0.0,0.0
None,nse3_industry_load_SE2,2,1,326,0,0,0,0.0,0.0,0.0,0.0,0.0,0.0,0.0,0.0,0.0,0.0,0.0,0.0,0.0,0.0,0.0,0.0,0.0
None,nse0_industry_load_SE3,3,1,327,0,0,0,0.0,0.0,0.0,0.0,3.1678755048835106e7,0.0,0.0,0.0,6.085068590628541e7,0.0,0.0,0.0,0.0,0.0,6.085068590628541e7,3.1678755048835106e7,2.9171930857450306e7
None,nse1_industry_load_SE3,3,1,328,0,0,0,0.0,0.0,0.0,0.0,3.651049352394195e7,0.0,0.0,0.0,4.2437239748829044e7,0.0,0.0,0.0,0.0,0.0,4.2437239748829044e7,3.651049352394195e7,5.926746224887095e6
None,nse2_industry_load_SE3,3,1,329,0,0,0,0.0,0.0,0.0,0.0,0.0,0.0,0.0,0.0,0.0,0.0,0.0,0.0,0.0,0.0,0.0,0.0,0.0
None,nse3_industry_load_SE3,3,1,330,0,0,0,0.0,0.0,0.0,0.0,0.0,0.0,0.0,0.0,0.0,0.0,0.0,0.0,0.0,0.0,0.0,0.0,0.0
None,nse0_industry_load_SE4,4,1,331,0,0,0,0.0,0.0,0.0,0.0,7.660872889515405e6,0.0,0.0,0.0,1.4287332857132059e7,0.0,0.0,0.0,0.0,0.0,1.4287332857132059e7,7.660872889515405e6,6.626459967616654e6
None,nse1_industry_load_SE4,4,1,332,0,0,0,0.0,0.0,0.0,0.0,8.2031436269999975e6,0.0,0.0,0.0,9.679918320379721e6,0.0,0.0,0.0,0.0,0.0,9.679918320379721e6,8.2031436269999975e6,1.4767746933797235e6
None,nse2_industry_load_SE4,4,1,333,0,0,0,0.0,0.0,0.0,0.0,0.0,0.0,0.0,0.0,0.0,0.0,0.0,0.0,0.0,0.0,0.0,0.0,0.0
None,nse3_industry_load_SE4,4,1,334,0,0,0,0.0,0.0,0.0,0.0,0.0,0.0,0.0,0.0,0.0,0.0,0.0,0.0,0.0,0.0,0.0,0.0,0.0
None,nse0_losses_load_SE1,1,1,335,0,0,0,0.0,0.0,0.0,0.0,0.0,0.0,0.0,0.0,0.0,0.0,0.0,0.0,0.0,0.0,0.0,0.0,0.0
None,nse1_losses_load_SE1,1,1,336,0,0,0,0.0,0.0,0.0,0.0,0.0,0.0,0.0,0.0,0.0,0.0,0.0,0.0,0.0,0.0,0.0,0.0,0.0
None,nse2_losses_load_SE1,1,1,337,0,0,0,0.0,0.0,0.0,0.0,0.0,0.0,0.0,0.0,0.0,0.0,0.0,0.0,0.0,0.0,0.0,0.0,0.0
None,nse3_losses_load_SE1,1,1,338,0,0,0,0.0,0.0,0.0,0.0,0.0,0.0,0.0,0.0,0.0,0.0,0.0,0.0,0.0,0.0,0.0,0.0,0.0
None,nse0_losses_load_SE2,2,1,339,0,0,0,0.0,0.0,0.0,0.0,0.0,0.0,0.0,0.0,0.0,0.0,0.0,0.0,0.0,0.0,0.0,0.0,0.0
None,nse1_losses_load_SE2,2,1,340,0,0,0,0.0,0.0,0.0,0.0,0.0,0.0,0.0,0.0,0.0,0.0,0.0,0.0,0.0,0.0,0.0,0.0,0.0
None,nse2_losses_load_SE2,2,1,341,0,0,0,0.0,0.0,0.0,0.0,0.0,0.0,0.0,0.0,0.0,0.0,0.0,0.0,0.0,0.0,0.0,0.0,0.0
None,nse3_losses_load_SE2,2,1,342,0,0,0,0.0,0.0,0.0,0.0,0.0,0.0,0.0,0.0,0.0,0.0,0.0,0.0,0.0,0.0,0.0,0.0,0.0
None,nse0_losses_load_SE3,3,1,343,0,0,0,0.0,0.0,0.0,0.0,0.0,0.0,0.0,0.0,0.0,0.0,0.0,0.0,0.0,0.0,0.0,0.0,0.0
None,nse1_losses_load_SE3,3,1,344,0,0,0,0.0,0.0,0.0,0.0,0.0,0.0,0.0,0.0,0.0,0.0,0.0,0.0,0.0,0.0,0.0,0.0,0.0
None,nse2_losses_load_SE3,3,1,345,0,0,0,0.0,0.0,0.0,0.0,0.0,0.0,0.0,0.0,0.0,0.0,0.0,0.0,0.0,0.0,0.0,0.0,0.0
None,nse3_losses_load_SE3,3,1,346,0,0,0,0.0,0.0,0.0,0.0,0.0,0.0,0.0,0.0,0.0,0.0,0.0,0.0,0.0,0.0,0.0,0.0,0.0
None,nse0_losses_load_SE4,4,1,347,0,0,0,0.0,0.0,0.0,0.0,0.0,0.0,0.0,0.0,0.0,0.0,0.0,0.0,0.0,0.0,0.0,0.0,0.0
None,nse1_losses_load_SE4,4,1,348,0,0,0,0.0,0.0,0.0,0.0,0.0,0.0,0.0,0.0,0.0,0.0,0.0,0.0,0.0,0.0,0.0,0.0,0.0
None,nse2_losses_load_SE4,4,1,349,0,0,0,0.0,0.0,0.0,0.0,0.0,0.0,0.0,0.0,0.0,0.0,0.0,0.0,0.0,0.0,0.0,0.0,0.0
None,nse3_losses_load_SE4,4,1,350,0,0,0,0.0,0.0,0.0,0.0,0.0,0.0,0.0,0.0,0.0,0.0,0.0,0.0,0.0,0.0,0.0,0.0,0.0
None,nse0_baseload_NO125,5,1,351,0,0,0,0.0,0.0,0.0,0.0,2.9662143554692905e7,0.0,0.0,0.0,3.899935899586013e7,0.0,0.0,0.0,0.0,0.0,3.899935899586013e7,2.9662143554692905e7,9.337215441167224e6
None,nse1_baseload_NO125,5,1,352,0,0,0,0.0,0.0,0.0,0.0,0.0,0.0,0.0,0.0,0.0,0.0,0.0,0.0,0.0,0.0,0.0,0.0,0.0
None,nse2_baseload_NO125,5,1,353,0,0,0,0.0,0.0,0.0,0.0,0.0,0.0,0.0,0.0,0.0,0.0,0.0,0.0,0.0,0.0,0.0,0.0,0.0
None,nse3_baseload_NO125,5,1,354,0,0,0,0.0,0.0,0.0,0.0,0.0,0.0,0.0,0.0,0.0,0.0,0.0,0.0,0.0,0.0,0.0,0.0,0.0
None,nse0_baseload_NO3,6,1,355,0,0,0,0.0,0.0,0.0,0.0,5.779475999966683e6,0.0,0.0,0.0,7.458911997304714e6,0.0,0.0,0.0,0.0,0.0,7.458911997304714e6,5.779475999966683e6,1.6794359973380314e6
None,nse1_baseload_NO3,6,1,356,0,0,0,0.0,0.0,0.0,0.0,0.0,0.0,0.0,0.0,0.0,0.0,0.0,0.0,0.0,0.0,0.0,0.0,0.0
None,nse2_baseload_NO3,6,1,357,0,0,0,0.0,0.0,0.0,0.0,0.0,0.0,0.0,0.0,0.0,0.0,0.0,0.0,0.0,0.0,0.0,0.0,0.0
None,nse3_baseload_NO3,6,1,358,0,0,0,0.0,0.0,0.0,0.0,0.0,0.0,0.0,0.0,0.0,0.0,0.0,0.0,0.0,0.0,0.0,0.0,0.0
None,nse0_baseload_NO4,7,1,359,0,0,0,0.0,0.0,0.0,0.0,5.1817886714087e6,0.0,0.0,0.0,6.579132128046463e6,0.0,0.0,0.0,0.0,0.0,6.579132128046463e6,5.1817886714087e6,1.3973434566377634e6
None,nse1_baseload_NO4,7,1,360,0,0,0,0.0,0.0,0.0,0.0,0.0,0.0,0.0,0.0,0.0,0.0,0.0,0.0,0.0,0.0,0.0,0.0,0.0
None,nse2_baseload_NO4,7,1,361,0,0,0,0.0,0.0,0.0,0.0,0.0,0.0,0.0,0.0,0.0,0.0,0.0,0.0,0.0,0.0,0.0,0.0,0.0
None,nse3_baseload_NO4,7,1,362,0,0,0,0.0,0.0,0.0,0.0,0.0,0.0,0.0,0.0,0.0,0.0,0.0,0.0,0.0,0.0,0.0,0.0,0.0
None,nse0_baseload_FI,8,1,363,0,0,0,0.0,0.0,0.0,0.0,2.4268931929542895e7,0.0,0.0,0.0,7.866820021201889e7,0.0,0.0,0.0,0.0,0.0,7.866820021201889e7,2.4268931929542895e7,5.439926828247599e7
None,nse1_baseload_FI,8,1,364,0,0,0,0.0,0.0,0.0,0.0,1.2014459414128967e7,0.0,0.0,0.0,5.1280374662982926e7,0.0,0.0,0.0,0.0,0.0,5.1280374662982926e7,1.2014459414128967e7,3.926591524885396e7
None,nse2_baseload_FI,8,1,365,0,0,0,0.0,0.0,0.0,0.0,1.969589289875255e7,0.0,0.0,0.0,5.108345098810548e7,0.0,0.0,0.0,0.0,0.0,5.108345098810548e7,1.969589289875255e7,3.138755808935293e7
None,nse3_baseload_FI,8,1,366,0,0,0,0.0,0.0,0.0,0.0,2.712845096250803e7,0.0,0.0,0.0,5.063765189235994e7,0.0,0.0,0.0,0.0,0.0,5.063765189235994e7,2.712845096250803e7,2.3509200929851912e7
None,nse0_baseload_DK1,9,1,367,0,0,0,0.0,0.0,0.0,0.0,4.455873076326708e7,0.0,0.0,0.0,6.503266071796792e7,0.0,0.0,0.0,0.0,0.0,6.503266071796792e7,4.455873076326708e7,2.0473929954700842e7
None,nse1_baseload_DK1,9,1,368,0,0,0,0.0,0.0,0.0,0.0,0.0,0.0,0.0,0.0,0.0,0.0,0.0,0.0,0.0,0.0,0.0,0.0,0.0
None,nse2_baseload_DK1,9,1,369,0,0,0,0.0,0.0,0.0,0.0,0.0,0.0,0.0,0.0,0.0,0.0,0.0,0.0,0.0,0.0,0.0,0.0,0.0
None,nse3_baseload_DK1,9,1,370,0,0,0,0.0,0.0,0.0,0.0,0.0,0.0,0.0,0.0,0.0,0.0,0.0,0.0,0.0,0.0,0.0,0.0,0.0
None,nse0_baseload_DK2,10,1,371,0,0,0,0.0,0.0,0.0,0.0,3.554683883296585e7,0.0,0.0,0.0,5.158220947284958e7,0.0,0.0,0.0,0.0,0.0,5.158220947284958e7,3.554683883296585e7,1.6035370639883727e7
None,nse1_baseload_DK2,10,1,372,0,0,0,0.0,0.0,0.0,0.0,0.0,0.0,0.0,0.0,0.0,0.0,0.0,0.0,0.0,0.0,0.0,0.0,0.0
None,nse2_baseload_DK2,10,1,373,0,0,0,0.0,0.0,0.0,0.0,0.0,0.0,0.0,0.0,0.0,0.0,0.0,0.0,0.0,0.0,0.0,0.0,0.0
None,nse3_baseload_DK2,10,1,374,0,0,0,0.0,0.0,0.0,0.0,0.0,0.0,0.0,0.0,0.0,0.0,0.0,0.0,0.0,0.0,0.0,0.0,0.0
None,nse0_heating_space_load_DE,11,1,375,0,0,0,0.0,0.0,0.0,0.0,1.0943238247250216e8,0.0,0.0,0.0,2.4786294948967603e8,0.0,0.0,0.0,0.0,0.0,2.4786294948967603e8,1.0943238247250216e8,1.384305670171739e8
None,nse1_heating_space_load_DE,11,1,376,0,0,0,0.0,0.0,0.0,0.0,1.5407244045506725e8,0.0,0.0,0.0,1.9982258203101587e8,0.0,0.0,0.0,0.0,0.0,1.9982258203101587e8,1.5407244045506725e8,4.5750141575948626e7
None,nse2_heating_space_load_DE,11,1,377,0,0,0,0.0,0.0,0.0,0.0,3.576688575008204e7,0.0,0.0,0.0,4.1035819293711565e7,0.0,0.0,0.0,0.0,0.0,4.1035819293711565e7,3.576688575008204e7,5.268933543629527e6
None,nse3_heating_space_load_DE,11,1,378,0,0,0,0.0,0.0,0.0,0.0,0.0,0.0,0.0,0.0,0.0,0.0,0.0,0.0,0.0,0.0,0.0,0.0,0.0
None,nse0_heating_sanitary_load_DE,11,1,379,0,0,0,0.0,0.0,0.0,0.0,1.8267213901443478e7,0.0,0.0,0.0,4.070230324430085e7,0.0,0.0,0.0,0.0,0.0,4.070230324430085e7,1.8267213901443478e7,2.2435089342857372e7
None,nse1_heating_sanitary_load_DE,11,1,380,0,0,0,0.0,0.0,0.0,0.0,2.5343075110114872e7,0.0,0.0,0.0,3.2665413619723298e7,0.0,0.0,0.0,0.0,0.0,3.2665413619723298e7,2.5343075110114872e7,7.322338509608425e6
None,nse2_heating_sanitary_load_DE,11,1,381,0,0,0,0.0,0.0,0.0,0.0,6.134584285815781e6,0.0,0.0,0.0,7.015560508184633e6,0.0,0.0,0.0,0.0,0.0,7.015560508184633e6,6.134584285815781e6,880976.2223688522
None,nse3_heating_sanitary_load_DE,11,1,382,0,0,0,0.0,0.0,0.0,0.0,0.0,0.0,0.0,0.0,0.0,0.0,0.0,0.0,0.0,0.0,0.0,0.0,0.0
None,nse0_EV_load_DE,11,1,383,0,0,0,0.0,0.0,0.0,0.0,0.0,0.0,0.0,0.0,0.0,0.0,0.0,0.0,0.0,0.0,0.0,0.0,0.0
None,nse1_EV_load_DE,11,1,384,0,0,0,0.0,0.0,0.0,0.0,0.0,0.0,0.0,0.0,0.0,0.0,0.0,0.0,0.0,0.0,0.0,0.0,0.0
None,nse2_EV_load_DE,11,1,385,0,0,0,0.0,0.0,0.0,0.0,0.0,0.0,0.0,0.0,0.0,0.0,0.0,0.0,0.0,0.0,0.0,0.0,0.0
None,nse3_EV_load_DE,11,1,386,0,0,0,0.0,0.0,0.0,0.0,0.0,0.0,0.0,0.0,0.0,0.0,0.0,0.0,0.0,0.0,0.0,0.0,0.0
None,nse0_residential_tertiary_load_DE,11,1,387,0,0,0,0.0,0.0,0.0,0.0,2.2944136963868475e8,0.0,0.0,0.0,5.049858714748092e8,0.0,0.0,0.0,0.0,0.0,5.049858714748092e8,2.2944136963868475e8,2.755445018361245e8
None,nse1_residential_tertiary_load_DE,11,1,388,0,0,0,0.0,0.0,0.0,0.0,3.122735293761578e8,0.0,0.0,0.0,4.000712092234414e8,0.0,0.0,0.0,0.0,0.0,4.000712092234414e8,3.122735293761578e8,8.77976798472836e7
None,nse2_residential_tertiary_load_DE,11,1,389,0,0,0,0.0,0.0,0.0,0.0,7.072878108804096e7,0.0,0.0,0.0,8.10165210144377e7,0.0,0.0,0.0,0.0,0.0,8.10165210144377e7,7.072878108804096e7,1.0287739926396742e7
None,nse3_residential_tertiary_load_DE,11,1,390,0,0,0,0.0,0.0,0.0,0.0,0.0,0.0,0.0,0.0,0.0,0.0,0.0,0.0,0.0,0.0,0.0,0.0,0.0
None,nse0_electrolyser_load_DE,11,1,391,0,0,0,0.0,0.0,0.0,0.0,7.190768530399954e6,0.0,0.0,0.0,3.088681124782663e7,0.0,0.0,0.0,0.0,0.0,3.088681124782663e7,7.190768530399954e6,2.3696042717426673e7
None,nse1_electrolyser_load_DE,11,1,392,0,0,0,0.0,0.0,0.0,0.0,8.309968826249945e6,0.0,0.0,0.0,2.982640273298055e7,0.0,0.0,0.0,0.0,0.0,2.982640273298055e7,8.309968826249945e6,2.1516433906730603e7
None,nse2_electrolyser_load_DE,11,1,393,0,0,0,0.0,0.0,0.0,0.0,1.0088239908109933e7,0.0,0.0,0.0,2.9635195948411774e7,0.0,0.0,0.0,0.0,0.0,2.9635195948411774e7,1.0088239908109933e7,1.954695604030184e7
None,nse3_electrolyser_load_DE,11,1,394,0,0,0,0.0,0.0,0.0,0.0,1.1828913827639954e7,0.0,0.0,0.0,2.9449133661765713e7,0.0,0.0,0.0,0.0,0.0,2.9449133661765713e7,1.1828913827639954e7,1.7620219834125757e7
None,nse0_industry_load_DE,11,1,395,0,0,0,0.0,0.0,0.0,0.0,4.188813926219927e8,0.0,0.0,0.0,9.204143246283817e8,0.0,0.0,0.0,0.0,0.0,9.204143246283817e8,4.188813926219927e8,5.01532932006389e8
None,nse1_industry_load_DE,11,1,396,0,0,0,0.0,0.0,0.0,0.0,5.746401409339064e8,0.0,0.0,0.0,7.349368577551806e8,0.0,0.0,0.0,0.0,0.0,7.349368577551806e8,5.746401409339064e8,1.6029671682127416e8
None,nse2_industry_load_DE,11,1,397,0,0,0,0.0,0.0,0.0,0.0,1.3447393885257304e8,0.0,0.0,0.0,1.5392306093956423e8,0.0,0.0,0.0,0.0,0.0,1.5392306093956423e8,1.3447393885257304e8,1.944912208699119e7
None,nse3_industry_load_DE,11,1,398,0,0,0,0.0,0.0,0.0,0.0,0.0,0.0,0.0,0.0,0.0,0.0,0.0,0.0,0.0,0.0,0.0,0.0,0.0
None,nse0_losses_load_DE,11,1,399,0,0,0,0.0,0.0,0.0,0.0,0.0,0.0,0.0,0.0,0.0,0.0,0.0,0.0,0.0,0.0,0.0,0.0,0.0
None,nse1_losses_load_DE,11,1,400,0,0,0,0.0,0.0,0.0,0.0,0.0,0.0,0.0,0.0,0.0,0.0,0.0,0.0,0.0,0.0,0.0,0.0,0.0
None,nse2_losses_load_DE,11,1,401,0,0,0,0.0,0.0,0.0,0.0,0.0,0.0,0.0,0.0,0.0,0.0,0.0,0.0,0.0,0.0,0.0,0.0,0.0
None,nse3_losses_load_DE,11,1,402,0,0,0,0.0,0.0,0.0,0.0,0.0,0.0,0.0,0.0,0.0,0.0,0.0,0.0,0.0,0.0,0.0,0.0,0.0
None,nse0_baseload_PL,12,1,403,0,0,0,0.0,0.0,0.0,0.0,1.2714164162024675e8,0.0,0.0,0.0,1.7015608390865082e8,0.0,0.0,0.0,0.0,0.0,1.7015608390865082e8,1.2714164162024675e8,4.301444228840406e7
None,nse1_baseload_PL,12,1,404,0,0,0,0.0,0.0,0.0,0.0,0.0,0.0,0.0,0.0,0.0,0.0,0.0,0.0,0.0,0.0,0.0,0.0,0.0
None,nse2_baseload_PL,12,1,405,0,0,0,0.0,0.0,0.0,0.0,0.0,0.0,0.0,0.0,0.0,0.0,0.0,0.0,0.0,0.0,0.0,0.0,0.0
None,nse3_baseload_PL,12,1,406,0,0,0,0.0,0.0,0.0,0.0,0.0,0.0,0.0,0.0,0.0,0.0,0.0,0.0,0.0,0.0,0.0,0.0,0.0
None,nse0_baseload_BT,13,1,407,0,0,0,0.0,0.0,0.0,0.0,1.5785060092484329e7,0.0,0.0,0.0,5.2633277392249815e7,0.0,0.0,0.0,0.0,0.0,5.2633277392249815e7,1.5785060092484329e7,3.684821729976548e7
None,nse1_baseload_BT,13,1,408,0,0,0,0.0,0.0,0.0,0.0,8.342090147274511e6,0.0,0.0,0.0,3.457464549791694e7,0.0,0.0,0.0,0.0,0.0,3.457464549791694e7,8.342090147274511e6,2.6232555350642428e7
None,nse2_baseload_BT,13,1,409,0,0,0,0.0,0.0,0.0,0.0,1.3451473017808735e7,0.0,0.0,0.0,3.420436590809362e7,0.0,0.0,0.0,0.0,0.0,3.420436590809362e7,1.3451473017808735e7,2.075289289028488e7
None,nse3_baseload_BT,13,1,410,0,0,0,0.0,0.0,0.0,0.0,1.745700909118891e7,0.0,0.0,0.0,3.304364637867151e7,0.0,0.0,0.0,0.0,0.0,3.304364637867151e7,1.745700909118891e7,1.5586637287482597e7
None,nse0_baseload_UK,14,1,411,0,0,0,0.0,0.0,0.0,0.0,2.1189542959312016e8,0.0,0.0,0.0,4.362355313151151e8,0.0,0.0,0.0,0.0,0.0,4.362355313151151e8,2.1189542959312016e8,2.2434010172199494e8
None,nse1_baseload_UK,14,1,412,0,0,0,0.0,0.0,0.0,0.0,0.0,0.0,0.0,0.0,0.0,0.0,0.0,0.0,0.0,0.0,0.0,0.0,0.0
None,nse2_baseload_UK,14,1,413,0,0,0,0.0,0.0,0.0,0.0,0.0,0.0,0.0,0.0,0.0,0.0,0.0,0.0,0.0,0.0,0.0,0.0,0.0
None,nse3_baseload_UK,14,1,414,0,0,0,0.0,0.0,0.0,0.0,0.0,0.0,0.0,0.0,0.0,0.0,0.0,0.0,0.0,0.0,0.0,0.0,0.0
None,nse0_baseload_FR,15,1,415,0,0,0,0.0,0.0,0.0,0.0,2.949663335862652e8,0.0,0.0,0.0,6.032475217072359e8,0.0,0.0,0.0,0.0,0.0,6.032475217072359e8,2.949663335862652e8,3.082811881209707e8
None,nse1_baseload_FR,15,1,416,0,0,0,0.0,0.0,0.0,0.0,1.245338590811679e8,0.0,0.0,0.0,1.552888926290683e8,0.0,0.0,0.0,0.0,0.0,1.552888926290683e8,1.245338590811679e8,3.075503354790038e7
None,nse2_baseload_FR,15,1,417,0,0,0,0.0,0.0,0.0,0.0,3.874980447856749e7,0.0,0.0,0.0,3.874980447856748e7,0.0,0.0,0.0,0.0,0.0,3.874980447856748e7,3.874980447856749e7,-7.450580596923828e-9
None,nse3_baseload_FR,15,1,418,0,0,0,0.0,0.0,0.0,0.0,0.0,0.0,0.0,0.0,0.0,0.0,0.0,0.0,0.0,0.0,0.0,0.0,0.0
None,nse0_baseload_ES,16,1,419,0,0,0,0.0,0.0,0.0,0.0,4.009805176857141e7,0.0,0.0,0.0,6.294582599527666e7,0.0,0.0,0.0,0.0,0.0,6.294582599527666e7,4.009805176857141e7,2.2847774226705253e7
None,nse1_baseload_ES,16,1,420,0,0,0,0.0,0.0,0.0,0.0,4.98163178649154e6,0.0,0.0,0.0,4.98163178649154e6,0.0,0.0,0.0,0.0,0.0,4.98163178649154e6,4.98163178649154e6,0.0
None,nse2_baseload_ES,16,1,421,0,0,0,0.0,0.0,0.0,0.0,0.0,0.0,0.0,0.0,0.0,0.0,0.0,0.0,0.0,0.0,0.0,0.0,0.0
None,nse3_baseload_ES,16,1,422,0,0,0,0.0,0.0,0.0,0.0,0.0,0.0,0.0,0.0,0.0,0.0,0.0,0.0,0.0,0.0,0.0,0.0,0.0
None,nse0_baseload_NL,17,1,423,0,0,0,0.0,0.0,0.0,0.0,1.6093744393334004e8,0.0,0.0,0.0,2.402830054027832e8,0.0,0.0,0.0,0.0,0.0,2.402830054027832e8,1.6093744393334004e8,7.934556146944314e7
None,nse1_baseload_NL,17,1,424,0,0,0,0.0,0.0,0.0,0.0,0.0,0.0,0.0,0.0,0.0,0.0,0.0,0.0,0.0,0.0,0.0,0.0,0.0
None,nse2_baseload_NL,17,1,425,0,0,0,0.0,0.0,0.0,0.0,0.0,0.0,0.0,0.0,0.0,0.0,0.0,0.0,0.0,0.0,0.0,0.0,0.0
None,nse3_baseload_NL,17,1,426,0,0,0,0.0,0.0,0.0,0.0,0.0,0.0,0.0,0.0,0.0,0.0,0.0,0.0,0.0,0.0,0.0,0.0,0.0
None,heating_space_flexload_SE1,1,1,427,0,0,0,0.0,0.0,0.0,0.0,0.0,0.0,0.0,0.0,1.5449234055447798e7,0.0,0.0,0.0,0.0,0.0,1.5449234055447798e7,0.0,1.5449234055447798e7
None,heating_space_flexload_SE2,2,1,428,0,0,0,0.0,0.0,0.0,0.0,0.0,0.0,0.0,0.0,2.903017117982263e7,0.0,0.0,0.0,0.0,0.0,2.903017117982263e7,0.0,2.903017117982263e7
None,heating_space_flexload_SE3,3,1,429,0,0,0,0.0,0.0,0.0,0.0,0.0,0.0,0.0,0.0,1.4476192758173206e8,0.0,0.0,0.0,0.0,0.0,1.4476192758173206e8,0.0,1.4476192758173206e8
None,heating_space_flexload_SE4,4,1,430,0,0,0,0.0,0.0,0.0,0.0,0.0,0.0,0.0,0.0,4.183919276583837e7,0.0,0.0,0.0,0.0,0.0,4.183919276583837e7,0.0,4.183919276583837e7
None,heating_sanitary_flexload_SE1,1,1,431,0,0,0,0.0,0.0,0.0,0.0,0.0,0.0,0.0,0.0,1.1105546917999838e7,0.0,0.0,0.0,0.0,0.0,1.1105546917999838e7,0.0,1.1105546917999838e7
None,heating_sanitary_flexload_SE2,2,1,432,0,0,0,0.0,0.0,0.0,0.0,0.0,0.0,0.0,0.0,2.2887566651907973e7,0.0,0.0,0.0,0.0,0.0,2.2887566651907973e7,0.0,2.2887566651907973e7
None,heating_sanitary_flexload_SE3,3,1,433,0,0,0,0.0,0.0,0.0,0.0,0.0,0.0,0.0,0.0,1.4594710976702875e8,0.0,0.0,0.0,0.0,0.0,1.4594710976702875e8,0.0,1.4594710976702875e8
None,heating_sanitary_flexload_SE4,4,1,434,0,0,0,0.0,0.0,0.0,0.0,0.0,0.0,0.0,0.0,4.913299435497602e7,0.0,0.0,0.0,0.0,0.0,4.913299435497602e7,0.0,4.913299435497602e7
None,EV_flexload_SE1,1,1,435,0,0,0,0.0,0.0,0.0,0.0,0.0,0.0,0.0,0.0,0.0,0.0,0.0,0.0,0.0,0.0,0.0,0.0,0.0
None,EV_flexload_SE2,2,1,436,0,0,0,0.0,0.0,0.0,0.0,0.0,0.0,0.0,0.0,0.0,0.0,0.0,0.0,0.0,0.0,0.0,0.0,0.0
None,EV_flexload_SE3,3,1,437,0,0,0,0.0,0.0,0.0,0.0,0.0,0.0,0.0,0.0,0.0,0.0,0.0,0.0,0.0,0.0,0.0,0.0,0.0
None,EV_flexload_SE4,4,1,438,0,0,0,0.0,0.0,0.0,0.0,0.0,0.0,0.0,0.0,0.0,0.0,0.0,0.0,0.0,0.0,0.0,0.0,0.0
None,residential_tertiary_flexload_SE1,1,1,439,0,0,0,0.0,0.0,0.0,0.0,0.0,0.0,0.0,0.0,0.0,0.0,0.0,0.0,0.0,0.0,0.0,0.0,0.0
None,residential_tertiary_flexload_SE2,2,1,440,0,0,0,0.0,0.0,0.0,0.0,0.0,0.0,0.0,0.0,0.0,0.0,0.0,0.0,0.0,0.0,0.0,0.0,0.0
None,residential_tertiary_flexload_SE3,3,1,441,0,0,0,0.0,0.0,0.0,0.0,0.0,0.0,0.0,0.0,0.0,0.0,0.0,0.0,0.0,0.0,0.0,0.0,0.0
None,residential_tertiary_flexload_SE4,4,1,442,0,0,0,0.0,0.0,0.0,0.0,0.0,0.0,0.0,0.0,0.0,0.0,0.0,0.0,0.0,0.0,0.0,0.0,0.0
None,industry_flexload_SE1,1,1,443,0,0,0,0.0,0.0,0.0,0.0,0.0,0.0,0.0,0.0,4.6435418417237595e7,0.0,0.0,0.0,0.0,0.0,4.6435418417237595e7,0.0,4.6435418417237595e7
None,industry_flexload_SE2,2,1,444,0,0,0,0.0,0.0,0.0,0.0,0.0,0.0,0.0,0.0,2.7801763612626024e7,0.0,0.0,0.0,0.0,0.0,2.7801763612626024e7,0.0,2.7801763612626024e7
None,industry_flexload_SE3,3,1,445,0,0,0,0.0,0.0,0.0,0.0,0.0,0.0,0.0,0.0,6.499229116089259e7,0.0,0.0,0.0,0.0,0.0,6.499229116089259e7,0.0,6.499229116089259e7
None,industry_flexload_SE4,4,1,446,0,0,0,0.0,0.0,0.0,0.0,0.0,0.0,0.0,0.0,1.4196440195573205e7,0.0,0.0,0.0,0.0,0.0,1.4196440195573205e7,0.0,1.4196440195573205e7
None,electrolyser_flexload_SE1,1,1,447,0,0,0,0.0,0.0,0.0,0.0,0.0,0.0,0.0,0.0,1.114563298646226e9,0.0,0.0,0.0,0.0,0.0,1.114563298646226e9,0.0,1.114563298646226e9
None,electrolyser_flexload_SE2,2,1,448,0,0,0,0.0,0.0,0.0,0.0,0.0,0.0,0.0,0.0,3.8362541021741085e7,0.0,0.0,0.0,0.0,0.0,3.8362541021741085e7,0.0,3.8362541021741085e7
None,electrolyser_flexload_SE3,3,1,449,0,0,0,0.0,0.0,0.0,0.0,0.0,0.0,0.0,0.0,1.3207365489592986e8,0.0,0.0,0.0,0.0,0.0,1.3207365489592986e8,0.0,1.3207365489592986e8
None,electrolyser_flexload_SE4,4,1,450,0,0,0,0.0,0.0,0.0,0.0,0.0,0.0,0.0,0.0,1.1431099284524607e7,0.0,0.0,0.0,0.0,0.0,1.1431099284524607e7,0.0,1.1431099284524607e7
None,losses_flexload_SE1,1,1,451,0,0,0,0.0,0.0,0.0,0.0,0.0,0.0,0.0,0.0,0.0,0.0,0.0,0.0,0.0,0.0,0.0,0.0,0.0
None,losses_flexload_SE2,2,1,452,0,0,0,0.0,0.0,0.0,0.0,0.0,0.0,0.0,0.0,0.0,0.0,0.0,0.0,0.0,0.0,0.0,0.0,0.0
None,losses_flexload_SE3,3,1,453,0,0,0,0.0,0.0,0.0,0.0,0.0,0.0,0.0,0.0,0.0,0.0,0.0,0.0,0.0,0.0,0.0,0.0,0.0
None,losses_flexload_SE4,4,1,454,0,0,0,0.0,0.0,0.0,0.0,0.0,0.0,0.0,0.0,0.0,0.0,0.0,0.0,0.0,0.0,0.0,0.0,0.0
None,flexload_NO125,5,1,455,0,0,0,0.0,0.0,0.0,0.0,0.0,0.0,0.0,0.0,0.0,0.0,0.0,0.0,0.0,0.0,0.0,0.0,0.0
None,flexload_NO3,6,1,456,0,0,0,0.0,0.0,0.0,0.0,0.0,0.0,0.0,0.0,0.0,0.0,0.0,0.0,0.0,0.0,0.0,0.0,0.0
None,flexload_NO4,7,1,457,0,0,0,0.0,0.0,0.0,0.0,0.0,0.0,0.0,0.0,0.0,0.0,0.0,0.0,0.0,0.0,0.0,0.0,0.0
None,EV_flexload_NO125,5,1,458,0,0,0,0.0,0.0,0.0,0.0,0.0,0.0,0.0,0.0,0.0,0.0,0.0,0.0,0.0,0.0,0.0,0.0,0.0
None,EV_flexload_NO3,6,1,459,0,0,0,0.0,0.0,0.0,0.0,0.0,0.0,0.0,0.0,0.0,0.0,0.0,0.0,0.0,0.0,0.0,0.0,0.0
None,EV_flexload_NO4,7,1,460,0,0,0,0.0,0.0,0.0,0.0,0.0,0.0,0.0,0.0,0.0,0.0,0.0,0.0,0.0,0.0,0.0,0.0,0.0
None,flexload_FI,8,1,461,0,0,0,0.0,0.0,0.0,0.0,0.0,0.0,0.0,0.0,0.0,0.0,0.0,0.0,0.0,0.0,0.0,0.0,0.0
None,electrolyser_flexload_FI,8,1,462,0,0,0,0.0,0.0,0.0,0.0,0.0,0.0,0.0,0.0,6.678296294533169e8,0.0,0.0,0.0,0.0,0.0,6.678296294533169e8,0.0,6.678296294533169e8
None,EV_flexload_FI,8,1,463,0,0,0,0.0,0.0,0.0,0.0,0.0,0.0,0.0,0.0,4.000457437403134e8,0.0,0.0,0.0,0.0,0.0,4.000457437403134e8,0.0,4.000457437403134e8
None,industry_flexload_FI,8,1,464,0,0,0,0.0,0.0,0.0,0.0,0.0,0.0,0.0,0.0,7.102094440312822e8,0.0,0.0,0.0,0.0,0.0,7.102094440312822e8,0.0,7.102094440312822e8
None,flexload_DK1,9,1,465,0,0,0,0.0,0.0,0.0,0.0,0.0,0.0,0.0,0.0,0.0,0.0,0.0,0.0,0.0,0.0,0.0,0.0,0.0
None,flexload_DK2,10,1,466,0,0,0,0.0,0.0,0.0,0.0,0.0,0.0,0.0,0.0,0.0,0.0,0.0,0.0,0.0,0.0,0.0,0.0,0.0
None,EV_flexload_DK1,9,1,467,0,0,0,0.0,0.0,0.0,0.0,0.0,0.0,0.0,0.0,0.0,0.0,0.0,0.0,0.0,0.0,0.0,0.0,0.0
None,EV_flexload_DK2,10,1,468,0,0,0,0.0,0.0,0.0,0.0,0.0,0.0,0.0,0.0,0.0,0.0,0.0,0.0,0.0,0.0,0.0,0.0,0.0
None,heating_space_flexload_DE,11,1,469,0,0,0,0.0,0.0,0.0,0.0,0.0,0.0,0.0,0.0,2.0025074014217157e9,0.0,0.0,0.0,0.0,0.0,2.0025074014217157e9,0.0,2.0025074014217157e9
None,heating_sanitary_flexload_DE,11,1,470,0,0,0,0.0,0.0,0.0,0.0,0.0,0.0,0.0,0.0,2.341319930461403e9,0.0,0.0,0.0,0.0,0.0,2.341319930461403e9,0.0,2.341319930461403e9
None,EV_flexload_DE,11,1,471,0,0,0,0.0,0.0,0.0,0.0,0.0,0.0,0.0,0.0,0.0,0.0,0.0,0.0,0.0,0.0,0.0,0.0,0.0
None,residential_tertiary_flexload_DE,11,1,472,0,0,0,0.0,0.0,0.0,0.0,0.0,0.0,0.0,0.0,0.0,0.0,0.0,0.0,0.0,0.0,0.0,0.0,0.0
None,industry_flexload_DE,11,1,473,0,0,0,0.0,0.0,0.0,0.0,0.0,0.0,0.0,0.0,4.8866814482224077e8,0.0,0.0,0.0,0.0,0.0,4.8866814482224077e8,0.0,4.8866814482224077e8
None,electrolyser_flexload_DE,11,1,474,0,0,0,0.0,0.0,0.0,0.0,0.0,0.0,0.0,0.0,5.242217796957985e9,0.0,0.0,0.0,0.0,0.0,5.242217796957985e9,0.0,5.242217796957985e9
None,losses_flexload_DE,11,1,475,0,0,0,0.0,0.0,0.0,0.0,0.0,0.0,0.0,0.0,0.0,0.0,0.0,0.0,0.0,0.0,0.0,0.0,0.0
None,EV_flexload_PL,12,1,476,0,0,0,0.0,0.0,0.0,0.0,0.0,0.0,0.0,0.0,0.0,0.0,0.0,0.0,0.0,0.0,0.0,0.0,0.0
None,flexload_PL,12,1,477,0,0,0,0.0,0.0,0.0,0.0,0.0,0.0,0.0,0.0,0.0,0.0,0.0,0.0,0.0,0.0,0.0,0.0,0.0
None,flexload_BT,13,1,478,0,0,0,0.0,0.0,0.0,0.0,0.0,0.0,0.0,0.0,0.0,0.0,0.0,0.0,0.0,0.0,0.0,0.0,0.0
None,EV_flexload_BT,13,1,479,0,0,0,0.0,0.0,0.0,0.0,0.0,0.0,0.0,0.0,0.0,0.0,0.0,0.0,0.0,0.0,0.0,0.0,0.0
None,flexload_UK,14,1,480,0,0,0,0.0,0.0,0.0,0.0,0.0,0.0,0.0,0.0,0.0,0.0,0.0,0.0,0.0,0.0,0.0,0.0,0.0
None,EV_flexload_UK,14,1,481,0,0,0,0.0,0.0,0.0,0.0,0.0,0.0,0.0,0.0,4.356208028576288e9,0.0,0.0,0.0,0.0,0.0,4.356208028576288e9,0.0,4.356208028576288e9
None,electrolyser_flexload_UK,14,1,482,0,0,0,0.0,0.0,0.0,0.0,0.0,0.0,0.0,0.0,3.799037945035667e9,0.0,0.0,0.0,0.0,0.0,3.799037945035667e9,0.0,3.799037945035667e9
None,flexload_FR,15,1,483,0,0,0,0.0,0.0,0.0,0.0,0.0,0.0,0.0,0.0,0.0,0.0,0.0,0.0,0.0,0.0,0.0,0.0,0.0
None,EV_flexload_FR,15,1,484,0,0,0,0.0,0.0,0.0,0.0,0.0,0.0,0.0,0.0,3.670995303272317e9,0.0,0.0,0.0,0.0,0.0,3.670995303272317e9,0.0,3.670995303272317e9
None,electrolyser_flexload_FR,15,1,485,0,0,0,0.0,0.0,0.0,0.0,0.0,0.0,0.0,0.0,2.3020490956740065e9,0.0,0.0,0.0,0.0,0.0,2.3020490956740065e9,0.0,2.3020490956740065e9
None,flexload_ES,16,1,486,0,0,0,0.0,0.0,0.0,0.0,0.0,0.0,0.0,0.0,0.0,0.0,0.0,0.0,0.0,0.0,0.0,0.0,0.0
None,EV_flexload_ES,16,1,487,0,0,0,0.0,0.0,0.0,0.0,0.0,0.0,0.0,0.0,9.386005396815065e8,0.0,0.0,0.0,0.0,0.0,9.386005396815065e8,0.0,9.386005396815065e8
None,electrolyser_flexload_ES,16,1,488,0,0,0,0.0,0.0,0.0,0.0,0.0,0.0,0.0,0.0,2.460998271162231e9,0.0,0.0,0.0,0.0,0.0,2.460998271162231e9,0.0,2.460998271162231e9
None,flexload_NL,17,1,489,0,0,0,0.0,0.0,0.0,0.0,0.0,0.0,0.0,0.0,0.0,0.0,0.0,0.0,0.0,0.0,0.0,0.0,0.0
None,EV_flexload_NL,17,1,490,0,0,0,0.0,0.0,0.0,0.0,0.0,0.0,0.0,0.0,1.001669287633177e9,0.0,0.0,0.0,0.0,0.0,1.001669287633177e9,0.0,1.001669287633177e9
None,electrolyser_flexload_NL,17,1,491,0,0,0,0.0,0.0,0.0,0.0,0.0,0.0,0.0,0.0,3.4803384720424695e9,0.0,0.0,0.0,0.0,0.0,3.4803384720424695e9,0.0,3.4803384720424695e9
